V,Rinit,Rfinal,dR,dw,w
-2.393,1113622949.542,1108595215.858,-5027733.684,0.006502544933496446,0.9912421218003825
-1.066,1108595215.857,1110611336.0100002,2016120.153,-0.0026145898911662524,0.9977446667351779
1.321,1110611336.01,1579042942.073,468431606.063,-0.4264934996501345,0.995130076844012
2.501,1579042942.073,3356608616.918,1777565674.845,-0.5354923592097377,0.5686365771938775
0.428,3356608616.918,3297068329.269,-59540287.649,0.008590225106129716,0.033144217984139815
-0.918,3297068329.268,2368812218.333,-928256110.935,0.18977172434787848,0.041734443090416386
-2.627,2368812218.333,1183603540.1580002,-1185208678.175,0.674963365802957,0.23150616743829486
0.275,1183603540.158,1189492027.429,5888487.271,-0.006678181506260317,0.9064695332412522
2.047,1189492027.43,2966052051.248,1776560023.818,-0.8040107409737864,0.8997913517338633
-1.825,2966052051.247,1214572440.1360002,-1751479611.111,0.776292096394174,0.0957806107602583
0.008,1214572440.137,1216286070.484,1713630.347,-0.0018521674949985023,0.87207270715335
2.714,1216286070.484,3345866391.191,2129580320.707,-0.8355490818389485,0.8702205396583514
-0.363,3345866391.19,3294982483.0490003,-50883908.141,0.007369550925226204,0.03467145781954559
0.608,3294982483.049,3258331962.1179996,-36650520.931,0.005450721367381818,0.042041008744771874
-1.591,3258331962.119,1285338783.17,-1972993178.949,0.7522027420852248,0.04749173011200321
-0.153,1285338783.17,1287088252.424,1749469.254,-0.0016885061431113346,0.799694472197228
1.135,1287088252.424,1621683201.754,334594949.33,-0.25595717341628177,0.7980059660541167
-2.236,1621683201.754,1191909319.539,-429773882.215,0.3550201922178957,0.5420487926378349
0.423,1191909319.539,1194903735.568,2994416.029,-0.003357053584905345,0.8970689848557306
2.469,1194903735.568,3122801840.267,1927898104.699,-0.8249526080624009,0.8937119312708253
-2.861,3122801840.267,1188802667.673,-1933999172.594,0.8318104178827457,0.06875932320842436
-0.402,1188802667.673,1192776545.242,3973877.569,-0.004474740866389992,0.90056974109117
2.79,1192776545.242,3295446681.32,2102670136.078,-0.8541222502389775,0.8960950002247801
-2.408,3295446681.32,1188753205.9180002,-2106693475.402,0.858652875470137,0.04197274998580256
0.483,1188753205.919,1194101140.3669999,5347934.448,-0.006015552618753195,0.9006256254548103
-2.484,1194101140.367,1167877755.9,-26223384.467,0.03002427377259731,0.8946100728360571
-0.328,1167877755.9,1171627630.964,3749875.064,-0.004375745707513534,0.9246343466086544
1.28,1171627630.963,1668024021.214,496396390.251,-0.40556360778252964,0.9202586009023042
-0.638,1668024021.214,1621072647.56,-46951373.654,0.02772463219118515,0.5146949931197745
0.155,1621072647.56,1619502043.609,-1570603.951,0.000955223451619247,0.5424196253109597
2.101,1619502043.609,2930323500.388,1310821456.779,-0.44103061944181515,0.5433748487625789
1.246,2930323500.389,2905177898.569,-25145601.82,0.0047162411537962495,0.10234422932057777
-0.246,2905177898.569,2889016968.6419997,-16160929.927,0.003074438372029975,0.10706047047437402
0.491,2889016968.641,2877426659.7889996,-11590308.852,0.002226193560370432,0.11013490884659534
1.719,2877426659.79,2984900878.904,107474219.114,-0.019979857678388044,0.11236110240677277
-1.222,2984900878.904,1507960144.613,-1476940734.291,0.5239207032805466,0.09238124472838473
0.745,1507960144.613,1546407694.924,38447550.311,-0.026325527218859057,0.6163019480089313
-1.997,1546407694.925,1205178652.671,-341229042.254,0.2923430836906442,0.5899764207894047
0.198,1205178652.671,1211518389.941,6339737.27,-0.00693285453738457,0.8823195044800489
1.415,1211518389.941,1890816681.5419998,679298291.601,-0.47348187131133324,0.8753866499426644
-0.137,1890816681.541,1879812319.5379999,-11004362.003,0.004943371176324485,0.4019047786317777
2.646,1879812319.538,3186590825.8050003,1306778506.267,-0.3483240478798141,0.4068481498081022
1.744,3186590825.805,3248715133.165,62124307.36,-0.009581773394510586,0.05852410192828822
2.846,3248715133.165,3480951796.65,232236663.485,-0.03279015062031313,0.04894232853377763
0.931,3480951796.65,3452722730.828,-28229065.822,0.003750240003341468,0.016152177913464502
2.363,3452722730.827,3509646262.7530003,56923531.926,-0.007500480006802056,0.019902417916939863
2.934,3509646262.753,3608001464.8479996,98355202.095,-0.012401937910015141,0.012401937910137807
1.107,3608001464.849,3569675605.73,-38325859.119,0.0047513684683265995,0.0
-2.775,3569675605.729,1210258148.0630002,-2359417457.666,0.8720076417867549,0.004751368468451906
-1.355,1210258148.063,1193253345.5839999,-17004802.479,0.018801096770641346,0.8767590102552069
1.305,1193253345.584,1758353829.145,565100483.561,-0.43004016089867086,0.8955601070258479
0.723,1758353829.145,1753005088.974,-5348740.171,0.002770666935776045,0.465519946127177
1.361,1753005088.974,1888304878.1529999,135299789.179,-0.0652625587135981,0.46829061306295305
1.152,1888304878.152,1890652237.208,2347359.056,-0.001049827696357697,0.4030280543498027
-2.999,1890652237.209,1184978033.4700003,-705674203.739,0.5029265443936362,0.40197822665299826
2.829,1184978033.47,3337363199.3970003,2152385165.927,-0.869017429134559,0.9049047710466347
1.818,3337363199.397,3408676445.0239997,71313245.627,-0.010009288779706405,0.03588734191207568
2.526,3408676445.023,3529443944.93,120767499.907,-0.016028034790408194,0.025878053132506636
0.366,3529443944.93,3497295279.263,-32148665.667,0.004158595035190501,0.009850018342098444
1.235,3497295279.263,3477686295.307,-19608983.956,0.0025742733137014365,0.014008613377288944
1.888,3477686295.308,3540061101.455,62374806.147,-0.008089660873726794,0.016582886690858386
-1.029,3540061101.455,2236137207.1429996,-1303923894.312,0.26300578842237116,0.008493225817131592
0.987,2236137207.143,2378735060.057,142597852.914,-0.042804628662266586,0.27149901423950257
-2.329,2378735060.057,1218204853.328,-1160530206.729,0.6394584326107705,0.22869438557723598
1.089,1218204853.328,1475492076.607,257287223.279,-0.2285510821004516,0.8681528181880065
-0.802,1475492076.608,1412294731.788,-63197344.82,0.04842380146994618,0.6396017360868216
1.639,1412294731.788,2324203088.866,911908357.078,-0.44358213983553474,0.6880255375567678
1.743,2324203088.866,2575859048.993,251655960.127,-0.0671171212526532,0.24444339772123302
2.674,2575859048.993,3301814759.938,725955710.945,-0.13628799288504223,0.17732627646857982
-2.396,3301814759.937,1207992075.5719998,-2093822684.365,0.8381956056519373,0.041038283583684124
-2.511,1207992075.572,1182952471.927,-25039603.645,0.02797810769960729,0.8792338892356211
0.497,1182952471.927,1185374845.16,2422373.233,-0.0027582925406722802,0.9072119969352284
-1.537,1185374845.16,1177166501.372,-8208343.788,0.009392564905226775,0.9044537043945561
1.588,1177166501.373,2197919339.657,1020752838.284,-0.6299313460579731,0.9138462692986309
1.277,2197919339.657,2203206105.525,5286765.868,-0.0017431929851903227,0.2839149232406578
-0.482,2203206105.525,2177304431.795,-25901673.73,0.008621360680317325,0.2821717302554675
-0.862,2177304431.794,1842254219.107,-335050212.687,0.13337162742857506,0.2907930909361216
-1.717,1842254219.108,1207533681.888,-634720537.22,0.4555709326259128,0.42416471836422626
1.336,1207533681.888,1790208988.997,582675307.109,-0.43037387038673774,0.8797356509901391
0.894,1790208988.997,1784131665.348,-6077323.649,0.003038113535603182,0.4493617806034013
-2.573,1784131665.349,1178206710.477,-605924954.872,0.46024885307219837,0.45239989413850296
1.253,1178206710.476,1620798080.9750001,442591370.499,-0.3700622671567846,0.9126487472118514
-2.408,1620798080.975,1172405101.135,-448392979.84,0.37676839084480374,0.5425864800550669
-1.041,1172405101.135,1171632435.473,-772665.662,0.0008981415651786451,0.9193548708998707
2.093,1171632435.472,2794699293.849,1623066858.377,-0.7914658987618848,0.9202530124662126
2.125,2794699293.849,3053712512.816,259013218.967,-0.04845972713263723,0.12878711370432783
-2.498,3053712512.816,1189782150.888,-1863930361.928,0.8191366424588603,0.0803273865716906
-0.394,1189782150.888,1193281823.334,3499672.446,-0.003935855926404885,0.8994640290305509
1.249,1193281823.335,1613788206.436,420506383.101,-0.34866254745619474,0.8955281731030247
-1.7,1613788206.436,1183904814.053,-429883392.383,0.359260617929126,0.54686562564683
2.673,1183904814.053,3093889490.908,1909984676.855,-0.8325888072392049,0.906126243575956
-0.15,3093889490.908,3049405708.945,-44483781.963,0.007528422188746012,0.07353743633675103
-2.57,3049405708.945,1190054712.7660003,-1859350996.179,0.8180908065017987,0.08106585852549704
-0.677,1190054712.765,1194332890.434,4278177.669,-0.004806055309828028,0.8991566650284234
-2.743,1194332890.435,1169518830.715,-24814059.72,0.028365306507960653,0.894350609717476
1.348,1169518830.715,1766407608.271,596888777.556,-0.4613362031282268,0.9227159162254367
1.404,1766407608.271,1903556319.093,137148710.822,-0.06512644036938686,0.4613797130972099
1.245,1903556319.093,1903778285.981,221966.888,-9.779763727507662e-05,0.396253272727823
-0.065,1903778285.981,1895421987.274,-8356298.707,0.0036975490316829007,0.39615547509054794
-2.023,1895421987.274,1183974899.7319999,-711447087.542,0.5061933846481055,0.39985302412223084
-1.074,1183974899.732,1184129117.4390001,154217.707,-0.00017563657298580448,0.9060464087703359
1.444,1184129117.439,1856352647.6,672223530.161,-0.48828843357287655,0.9058707721973505
-1.647,1856352647.6,1194778816.572,-661573831.028,0.4762693035562885,0.4175823386244739
-2.489,1194778816.572,1167031363.968,-27747452.604,0.0317742527166085,0.8938516421807624
2.2,1167031363.968,2820975930.7279997,1653944566.76,-0.8021605693490356,0.9256258948973709
-2.994,2820975930.728,1183417947.716,-1637557983.012,0.7832157699288027,0.12346532554833527
-1.749,1183417947.717,1170066196.4950001,-13351751.222,0.015396142302873006,0.9066810954759981
1.181,1170066196.495,1503827240.327,333761043.832,-0.3028653110983368,0.9220772377788714
-0.891,1503827240.327,1375496898.2549999,-128330342.072,0.09905902706094816,0.6192119266805346
-2.186,1375496898.254,1169580383.797,-205916514.457,0.20437311115872436,0.7182709537423266
2.806,1169580383.798,3065777795.491,1896197411.693,-0.8443744204481775,0.9226440648998835
-0.069,3065777795.491,3019804633.7390003,-45973161.752,0.007928793739997234,0.07826964445170599
2.147,3019804633.739,3226199319.4329996,206394685.694,-0.033826007225817065,0.08619843819170331
-1.856,3226199319.433,1225471423.538,-2000727895.895,0.8080084688756816,0.052372430965886244
-2.08,1225471423.538,1188951077.6350002,-36520345.903,0.040021188157772114,0.8603808998415678
-1.977,1188951077.636,1185037713.826,-3913363.81,0.004434823462951654,0.9004020879982111
-1.288,1185037713.825,1184648144.693,-389569.132,0.0004430831719378636,0.9048369114622996
1.181,1184648144.693,1506517571.644,321869426.951,-0.2879641445914315,0.9052799946342375
0.834,1506517571.644,1507590719.2710001,1073147.627,-0.0007544389148522734,0.617315850042806
-0.876,1507590719.272,1389477486.9910002,-118113232.281,0.09002971052324626,0.6165614111272513
2.214,1389477486.991,2865434195.6619997,1475956708.671,-0.5919076247423793,0.7065911216504978
-1.53,2865434195.662,1276006609.7140002,-1589427585.948,0.6940961761918464,0.11468349690811828
1.038,1276006609.714,1476031099.975,200024490.261,-0.16957311930141739,0.808779673099965
2.617,1476031099.975,3016850619.133,1540819519.158,-0.5524903868911124,0.6392065537985476
-1.272,3016850619.133,1470945155.81,-1545905463.323,0.5562306475434649,0.08671616690743517
-1.553,1470945155.81,1278494444.942,-192450710.868,0.16339789707097474,0.6429468144509
2.678,1278494444.942,3062622983.455,1784128538.513,-0.7275385771752271,0.8063447115218747
0.206,3062622983.454,3021444703.785,-41178279.669,0.007105297717945047,0.07880613434681782
-2.821,3021444703.785,1190890875.692,-1830553828.093,0.8123031822543272,0.08591143206476287
-0.924,1190890875.692,1184349999.112,-6540876.58,0.007404678239668394,0.8982146143190901
0.67,1184349999.112,1199886010.829,15536011.717,-0.017455880292215786,0.9056192925587585
-0.159,1199886010.829,1201377980.544,1491969.715,-0.0016525804807864253,0.8881634122665427
2.509,1201377980.544,2956935195.809,1755557215.265,-0.7890704554127244,0.8865108317857563
0.732,2956935195.808,2903370740.846,-53564454.962,0.009962186244141191,0.0974403763732146
-1.398,2903370740.846,1333457789.3940003,-1569912951.452,0.6474646661120247,0.10740256261735578
2.333,1333457789.394,2977796802.591,1644339013.197,-0.6612098246300363,0.7548672287293808
0.226,2977796802.591,2936305657.6740003,-41491144.917,0.007576722246330048,0.09365740409934452
2.976,2936305657.674,3209829782.7269998,273524125.053,-0.046337717993895314,0.10123412634567465
0.444,3209829782.727,3173855051.6270003,-35974731.1,0.0056383331610321274,0.054896408351779336
2.043,3173855051.627,3233023394.158,59168342.531,-0.009206948981225323,0.060534741512811546
1.654,3233023394.157,3220420039.385,-12603354.772,0.0019328006489661848,0.05132779253173902
-1.944,3220420039.386,1233742740.581,-1986677298.805,0.7983851813815801,0.053260593180551256
2.922,1233742740.581,3049335968.976,1815593228.395,-0.7705679408157341,0.8516457745621313
1.161,3049335968.976,3044047365.377,-5288603.599,0.0009097176123070982,0.08107783374639717
-1.798,3044047365.377,1237309840.9439998,-1806737524.433,0.7659271435536684,0.08198755135870427
2.084,1237309840.944,2829963083.132,1592653242.188,-0.7262468500171748,0.8479146949123724
-0.416,2829963083.132,2790832672.837,-39130410.295,0.007910830908609917,0.1216678448951975
-2.026,2790832672.836,1213687972.9589999,-1577144699.877,0.743452049019468,0.12957867580401244
2.938,1213687972.959,3068440020.436,1854752047.477,-0.7952129453727731,0.8730307248234801
0.374,3068440020.436,3044035782.641,-24404237.795,0.004171767778077193,0.077817779450707
-1.643,3044035782.641,1276890516.2149997,-1767145266.426,0.7259239182277184,0.0819895472287842
-1.173,1276890516.215,1266965459.3539999,-9925056.861,0.009795730674328595,0.8079134654565026
0.499,1266965459.354,1268967092.5110002,2001633.157,-0.0019878866652001115,0.8177091961308308
-0.37,1268967092.511,1269676010.424,708917.913,-0.0007025462910486002,0.815721309465631
-1.53,1269676010.424,1248408279.444,-21267730.98,0.021423670141385687,0.8150187631745824
2.649,1248408279.444,2998700812.873,1750292533.429,-0.7465228948250776,0.8364424333159681
-1.496,2998700812.873,1314388612.137,-1684312200.736,0.6823197439852122,0.08991953849089056
2.68,1314388612.137,3045577060.7139997,1731188448.577,-0.6905151859766769,0.7722392824761027
2.94,3045577060.714,3233182801.7310004,187605741.017,-0.030420653583546862,0.08172409649942568
-0.716,3233182801.731,2900534858.628,-332647943.103,0.05663680711868745,0.0513034429158789
1.629,2900534858.628,3079694802.245,179159943.617,-0.0320241356584367,0.10794025003456635
-2.316,3079694802.245,1201959193.485,-1877735608.76,0.809952047223549,0.07591611437612965
1.783,1201959193.485,2492651352.232,1290692158.747,-0.6878499009846232,0.8858681615996786
2.808,2492651352.232,3143623513.361,650972161.129,-0.13264552986955763,0.19801826061505545
-0.721,3143623513.361,2884038576.9,-259584936.461,0.04571620403061237,0.06537273074549782
-0.923,2884038576.9,2309690189.7060003,-574348387.194,0.13767113089594418,0.11108893477611019
2.713,2309690189.706,3153895099.8719997,844204910.166,-0.18504151210310293,0.24876006567205453
-2.001,3153895099.872,1219441556.7390003,-1934453543.133,0.8031050151021082,0.06371855356895152
-2.773,1219441556.739,1172229874.278,-47211682.461,0.05273488098452306,0.86682356867106
-1.443,1172229874.278,1169662464.654,-2567409.624,0.0029898134778530983,0.9195584496555831
-1.671,1169662464.654,1166177358.083,-3485106.571,0.004079558577673725,0.9225482631334362
1.096,1166177358.084,1392869206.1000001,226691848.016,-0.22283491000394828,0.9266278217099354
1.684,1392869206.099,2270473569.701,877604363.602,-0.4430923533024544,0.7037929117068102
0.048,2270473569.701,2248030865.464,-22442704.237,0.007020672823722873,0.26070055840435585
-2.9,2248030865.464,1172126824.1230001,-1075904041.341,0.6519569706350996,0.2677212312280787
1.515,1172126824.122,1996700452.5019999,824573628.38,-0.5625539633388787,0.919678201864341
-0.732,1996700452.502,1835155336.723,-161545115.779,0.07039314250958506,0.3571242385254621
2.432,1835155336.723,2977548539.624,1142393202.901,-0.3338152694443687,0.42751738103504716
1.111,2977548539.624,2948169702.544,-29378837.08,0.005343742727602116,0.0937021115906785
0.095,2948169702.544,2931270500.573,-16899201.971,0.003122339255544504,0.09904585431828061
-1.148,2931270500.573,1650489803.48,-1280780697.093,0.42269615711148534,0.10216819357382512
0.196,1650489803.48,1644451497.3140001,-6038306.166,0.003552249684887432,0.5248643506853105
2.511,1644451497.314,2993792371.517,1349340874.203,-0.43762406827752004,0.528416600370198
1.364,2993792371.518,2996447711.2390003,2655339.721,-0.00047262205051155914,0.09079253209249981
-2.938,2996447711.238,1191959044.287,-1804488666.951,0.8066931904497928,0.09031991004216613
0.168,1191959044.287,1194215221.467,2256177.18,-0.0025307633445150746,0.8970131004919589
1.372,1194215221.467,1804518333.455,610303111.988,-0.45219312199173134,0.8944823371474439
1.099,1804518333.455,1811270175.852,6751842.397,-0.0032983750026589487,0.4422892151557125
0.049,1811270175.852,1805619629.975,-5650545.877,0.0027586917149410306,0.43899084015305356
-2.188,1805619629.974,1178609417.678,-627010212.296,0.4704361734698798,0.44174953186848426
-2.026,1178609417.679,1165049674.806,-13559742.873,0.0157673741493336,0.9121857053372147
-2.374,1165049674.806,1155124565.746,-9925109.06,0.01177563385821867,0.9279530794865483
-1.883,1155124565.745,1153372605.6699998,-1751960.075,0.0020996553932974837,0.939728713345964
1.81,1153372605.671,2338459235.979,1185086630.308,-0.7015731049302201,0.9418283687380612
-1.584,2338459235.979,1223762531.329,-1114696704.65,0.6219450712573764,0.2402552638078411
0.392,1223762531.328,1225032310.227,1269778.899,-0.001352401610734244,0.8622003350662837
0.567,1225032310.227,1227833763.587,2801453.36,-0.0029738465172454154,0.8608479334555494
0.332,1227833763.587,1229229856.764,1396093.177,-0.0014769439074076018,0.857874086938304
1.74,1229229856.764,2219667138.716,990437281.952,-0.5795998919031732,0.8563971430308964
0.499,2219667138.716,2206306174.624,-13360964.092,0.004356186179467536,0.27679725112772324
-1.097,2206306174.624,1469173075.935,-737133098.689,0.36310266795866775,0.2811534373071908
-0.943,1469173075.934,1442158623.027,-27014452.907,0.020357875483833276,0.6442561052665982
-0.223,1442158623.027,1443523236.033,1364613.006,-0.00104663430452423,0.6646139807504314
1.942,1443523236.033,2456444174.236,1012920938.203,-0.4561074225207433,0.6635673464459072
2.576,2456444174.236,2990193659.893,533749485.657,-0.1160255199939228,0.20745992392516388
1.493,2990193659.892,2989038448.748,-1155211.144,0.00020637297312314784,0.09143440393141972
-1.2,2989038448.749,1602589785.0930002,-1386448663.656,0.4621385429264039,0.09164077690436415
1.335,1602589785.093,2119407413.6869998,516817628.594,-0.24295328107035846,0.5537793198307681
-1.496,2119407413.687,1310620283.815,-808787129.872,0.4649060164700817,0.3108260387604095
-2.228,1310620283.815,1180404111.348,-130216172.467,0.1343939121165395,0.7757320552304912
1.017,1180404111.348,1340217584.325,159813472.977,-0.16129824167778606,0.9101259673470307
2.381,1340217584.325,2825998336.9,1485780752.575,-0.6263683186742652,0.7488277256692446
-1.241,2825998336.9,1457757822.693,-1368240514.207,0.5303070885717828,0.12245940699497937
-1.09,1457757822.693,1424425333.405,-33332489.288,0.02563096440813517,0.6527664955667621
1.435,1424425333.405,2094827608.7810001,670402275.376,-0.358731712340339,0.6783974599748973
-2.876,2094827608.78,1180839695.1069999,-913987913.673,0.5899612521765039,0.31966574763492234
1.378,1180839695.107,1747102539.632,566262844.525,-0.43825915415807065,0.9096269998114258
-2.685,1747102539.632,1171241340.1339998,-575861199.498,0.4493402252060276,0.47136784565335516
-1.927,1171241340.134,1162469666.8070002,-8771673.327,0.010286714729629831,0.9207080708593826
1.462,1162469666.807,1809343176.763,646873509.956,-0.49106508811920935,0.9309947855890127
1.743,1809343176.763,2256699576.868,447356400.105,-0.17493682073028505,0.43992969746980337
-0.302,2256699576.869,2234546990.289,-22152586.58,0.0070142860392653494,0.2649928767392048
-0.618,2234546990.289,2155508050.553,-79038939.736,0.026201384096158464,0.27200716277847015
-1.728,2155508050.553,1211632887.3509998,-943875163.202,0.5770535607719804,0.2982085468746286
-1.708,1211632887.351,1195075095.5310001,-16557791.82,0.018258220090821786,0.8752621076466087
1.993,1195075095.531,2452448555.293,1257373459.762,-0.6850013951129024,0.8935203277374308
2.204,2452448555.293,2756945607.531,304497052.238,-0.07190800794996713,0.20851893262452842
0.681,2756945607.531,2742727999.55,-14217607.981,0.0030021878729183105,0.1366109246745613
-2.73,2742727999.55,1186155196.5460002,-1556572803.004,0.7639544255019155,0.1396131125474796
2.328,1186155196.546,2749046424.5220003,1562891227.976,-0.7652924568476018,0.903567538049395
0.99,2749046424.521,2715037779.75,-34008644.771,0.007275345854399817,0.13827508120200466
0.368,2715037779.751,2696177225.1219997,-18860554.629,0.004113887543814088,0.14555042705618787
0.186,2696177225.121,2683529968.9909997,-12647256.13,0.002791024811558046,0.14966431460022162
2.635,2683529968.992,2981307944.5150003,297777975.523,-0.05942942862621234,0.15245533941155787
1.72,2981307944.515,3007796961.674,26489017.159,-0.004716640327825136,0.09302591078534561
-1.805,3007796961.674,1241838790.6969998,-1765958170.977,0.7548991626523667,0.08830927045752048
2.78,1241838790.697,2970071333.6879997,1728232542.991,-0.7481563149527681,0.8432084331098868
-1.593,2970071333.688,1280323665.8220003,-1689747667.866,0.7095082854557413,0.09505211815711863
-2.74,1280323665.823,1169912198.09,-110411467.733,0.11769646247945753,0.804560403611886
2.196,1169912198.09,2725523436.776,1555611238.686,-0.7789689574320158,0.9222568660913435
1.34,2725523436.776,2732540942.002,7017505.226,-0.0015044869155724228,0.14328790865932778
2.757,2732540942.003,3061760297.849,329219355.846,-0.06283039135420906,0.14178342174354147
1.799,3061760297.848,3054906600.0490003,-6853697.799,0.0011699790793385095,0.0789530303895027
2.715,3054906600.049,3134982961.3669996,80076361.318,-0.013350375403162765,0.0801230094688413
1.725,3134982961.368,3127907976.948,-7074984.42,0.001152016247931556,0.06677263406551599
-1.85,3127907976.947,1237677374.638,-1890230602.309,0.7796068375317997,0.06792465031361074
1.937,1237677374.639,2670924119.7139997,1433246745.075,-0.6922679591381735,0.847531487844368
1.091,2670924119.713,2648441855.4449997,-22482264.268,0.0050746994319110506,0.15526352870641827
-1.404,2648441855.445,1339432214.6840003,-1309009640.761,0.5891880520821758,0.16033822813832924
-2.142,1339432214.684,1181683899.557,-157748315.127,0.15913471844013338,0.7495262802205054
1.326,1181683899.557,1705138135.372,523454235.815,-0.41480129316378234,0.9086609986606388
-0.545,1705138135.372,1676930178.078,-28207957.294,0.01575140718802226,0.4938597054968564
1.86,1676930178.077,2429876793.097,752946615.02,-0.2950442943460453,0.5096111126854466
-1.451,2429876793.097,1273852895.467,-1156023897.63,0.5963284771151739,0.21456681833940125
2.716,1273852895.468,2909753274.7460003,1635900379.278,-0.7046990367522472,0.8108952954535912
-1.298,2909753274.745,1443184183.8549998,-1466569090.89,0.5576309500382706,0.10619625870153264
0.395,1443184183.856,1444137164.148,952980.292,-0.0007300892992532226,0.6638272087390364
-1.921,1444137164.148,1213588551.006,-230548613.142,0.21004138237109593,0.6630971194397832
-0.062,1213588551.006,1216811467.232,3222916.226,-0.0034847892743983255,0.8731385018108792
1.093,1216811467.231,1424121050.289,207309583.058,-0.19101674814463643,0.8696537125375596
-2.978,1424121050.289,1170480482.238,-253640568.051,0.24295727281061297,0.6786369643929232
0.3,1170480482.238,1172834800.3539999,2354318.116,-0.0027383338393407453,0.9215942372035362
0.158,1172834800.354,1172099347.14,-735453.214,0.0008542324228147935,0.9188559033641951
0.198,1172099347.141,1173839806.082,1740458.941,-0.0020198205872373753,0.9197101357858476
-2.944,1173839806.082,1158349236.503,-15490569.579,0.01819036050648437,0.9176903151986102
-2.441,1158349236.503,1155244666.38,-3104570.123,0.0037043349897024624,0.9358806757050946
2.267,1155244666.38,2721643872.899,1566399206.519,-0.7954620299665522,0.939585010694797
-1.381,2721643872.899,1318187360.5600002,-1403456512.339,0.6246155455130566,0.14412298072824484
2.731,1318187360.56,2899756855.387,1581569494.827,-0.6606505818158273,0.7687385262413015
-1.285,2899756855.388,1444616995.919,-1455139859.469,0.5546419349078097,0.10808794442528434
0.212,1444616995.919,1447586511.389,2969515.47,-0.00226730848533363,0.662729879333094
0.339,1447586511.389,1446549978.302,-1036533.087,0.0007903645775110268,0.6604625708477604
-0.553,1446549978.302,1443933853.39,-2616124.912,0.0019998618861095663,0.6612529354252714
1.054,1443933853.39,1628535856.6950002,184602003.305,-0.12534703192135244,0.663252797311381
0.255,1628535856.695,1627275083.123,-1260773.572,0.0007596281773067926,0.5379057653900285
2.807,1627275083.123,2929458636.0439997,1302183552.921,-0.43616029711295173,0.5386653935673353
1.343,2929458636.044,2929291301.909,-167334.135,3.11355742350361e-05,0.10250509645438353
2.663,2929291301.909,3012220578.889,82929276.98,-0.015006548449988999,0.10253623202861857
1.222,3012220578.889,2996079629.805,-16140949.084,0.0028556910041440398,0.08752968357862957
-2.831,2996079629.804,1183281416.8609998,-1812798212.943,0.8164513987650489,0.09038537458295151
0.296,1183281416.861,1186229066.7640002,2947649.903,-0.0033530618446919735,0.9068367733480004
0.8,1186229066.764,1222300381.541,36071314.777,-0.03972260598352251,0.9034837115033088
-2.176,1222300381.541,1164442581.336,-57857800.205,0.06490649547979588,0.8637611055197862
-1.985,1164442581.336,1158466653.537,-5975927.799,0.0070733637957071105,0.9286676009995821
1.598,1158466653.537,2044714846.623,886248193.086,-0.597394670946634,0.9357409647952892
1.263,2044714846.623,2051574532.1639998,6859685.541,-0.0026109973244530793,0.33834629384865517
1.553,2051574532.164,2117394715.194,65820183.03,-0.02419313955544805,0.3357352965242021
-2.71,2117394715.195,1167467354.695,-949927360.5,0.6135727951707755,0.3115421569683979
-1.13,1167467354.694,1163991910.256,-3475444.438,0.004083550317832252,0.9251149521403446
0.795,1163991910.256,1200772096.458,36780186.202,-0.04201705830315994,0.9291985024581768
1.304,1200772096.458,1604724308.3639998,403952211.906,-0.33472738210078534,0.8871814441550169
-2.327,1604724308.364,1161726907.048,-442997401.316,0.3794189063978447,0.5524540620542313
-2.074,1161726907.047,1151941020.619,-9785886.428,0.011675840351644595,0.9318729684532594
2.16,1151941020.62,2617756504.144,1465815483.524,-0.7761436036544735,0.9435488088037011
2.631,2617756504.143,2972903471.31,355146967.167,-0.07286522727158849,0.16740520514946053
0.616,2972903471.311,2940614294.3259997,-32289176.985,0.00589739710596604,0.09453997787769133
-0.827,2940614294.326,2458112231.2590003,-482502063.067,0.10658146163951479,0.10043737498365729
-2.185,2458112231.259,1186799232.1409998,-1271312999.118,0.6958182129529508,0.20701883662317225
-2.455,1186799232.141,1160685268.583,-26113963.558,0.030269366626157312,0.902837049576123
-1.444,1160685268.583,1158312338.9229999,-2372929.66,0.0028181686449811894,0.9331064162022803
-2.731,1158312338.922,1147246178.9529998,-11066159.969,0.013296486909285643,0.9359245848484514
2.129,1147246178.953,2645917382.552,1498671203.599,-0.7883076338434092,0.9492210717577367
-1.268,2645917382.553,1415798899.925,-1230118482.628,0.5243138896984323,0.16091343791409943
-0.352,1415798899.924,1408877336.094,-6921563.83,0.0055405355242753584,0.6852273276133283
1.336,1408877336.095,1906161571.974,497284235.879,-0.29566101822090834,0.6907678631367993
1.136,1906161571.973,1902641818.164,-3519753.809,0.0015495935810480033,0.39510684491633025
-2.059,1902641818.165,1177007165.032,-725634653.133,0.5173734508542103,0.39665643849693727
2.16,1177007165.031,2615671534.4309998,1438664369.4,-0.7461384902353652,0.9140298893523002
0.376,2615671534.431,2586687998.2200003,-28983536.211,0.006839846988599019,0.16789139911693496
2.415,2586687998.22,2878644273.693,291956275.473,-0.06260485802782399,0.17473124610553403
-2.157,2878644273.693,1184444687.9139998,-1694199585.779,0.79338512749307,0.11212638807771004
-0.507,1184444687.914,1184956971.25,512283.336,-0.0005827940820843924,0.90551151557078
-2.922,1184956971.25,1158020595.396,-26936375.854,0.03134314476518929,0.9049287214886956
-1.291,1158020595.396,1156701203.836,-1319391.56,0.0015727456752328006,0.9362718662538849
0.726,1156701203.837,1177943017.007,21241813.17,-0.024892492454840376,0.9378446119279243
-0.246,1177943017.007,1180400627.974,2457610.967,-0.002822160386204531,0.912952119473084
1.666,1180400627.973,2105659908.551,925259280.578,-0.5943852979410417,0.9101299590880255
0.122,2105659908.551,2090117506.4060001,-15542402.145,0.0056387323350555185,0.31574466114698385
1.572,2090117506.406,2166670006.949,76552500.543,-0.02699095032543647,0.32138339348203954
-0.331,2166670006.95,2154449233.9049997,-12220773.045,0.0041801504327842465,0.294392443156263
1.53,2154449233.905,2180081251.6280003,25632017.723,-0.008713569881035887,0.29857259358904714
2.144,2180081251.628,2649497920.1439996,469416668.516,-0.12976109833525915,0.2898590237080114
2.387,2649497920.144,2873998860.459,224500940.315,-0.04707499242557263,0.1600979253727521
2.903,2873998860.459,3041202978.25,167204117.791,-0.03054479670670074,0.11302293294717948
1.391,3041202978.25,3024439741.441,-16763236.809,0.002909978672054045,0.08247813624047874
1.386,3024439741.441,3002545407.87,-21894333.571,0.0038496343366040964,0.08538811491253279
0.484,3002545407.87,2994155408.6429996,-8389999.227,0.0014901166505906088,0.08923774924913688
1.733,2994155408.642,3015588329.974,21432921.332,-0.003790157406223446,0.09072786589990554
-2.627,3015588329.975,1179526950.717,-1836061379.258,0.8241941774067314,0.08693770849350652
0.006,1179526950.716,1183782184.078,4255233.362,-0.004865931415040992,0.9111318859013857
-0.743,1183782184.078,1184399095.119,616911.041,-0.0007025462912572111,0.9062659544863447
-2.801,1184399095.119,1159144782.9789999,-25254312.14,0.029371225061113226,0.9055634081950875
-1.938,1159144782.979,1154667744.3560002,-4477038.623,0.005340948509871657,0.9349346332562004
-0.375,1154667744.357,1156942086.3720002,2274342.015,-0.0027183751382192645,0.9402755817648745
-1.825,1156942086.372,1153053429.614,-3888656.758,0.004654369179025619,0.9375572066266555
-1.235,1153053429.613,1151715480.207,-1337949.406,0.0016086713378397066,0.9422115758068821
-1.127,1151715480.208,1151997419.526,281939.318,-0.0003392979247207606,0.9438202471435182
2.877,1151997419.526,2890102410.7790003,1738104991.253,-0.8335536108673792,0.9434809492187974
2.606,2890102410.779,3058134369.837,168031959.058,-0.030355987390847355,0.10992733835141827
1.619,3058134369.837,3045662861.8719997,-12471507.965,0.002137976099908623,0.07957135096057091
-0.664,3045662861.872,2854960851.349,-190702010.523,0.035018340050740865,0.08170932706047945
1.765,2854960851.349,2994619417.561,139658566.212,-0.026082430235308568,0.11672766711122032
-2.471,2994619417.561,1180993794.468,-1813625623.093,0.8188053280145565,0.09064523687591175
2.949,1180993794.468,2953991581.1239996,1772997786.656,-0.8114721019260751,0.9094505648904683
-0.782,2953991581.124,2515701119.613,-438290461.511,0.09417074190071917,0.09797846296439305
-2.949,2515701119.613,1171762858.633,-1343938260.98,0.7279521214692596,0.19214920486511222
1.494,1171762858.633,1945518667.9819999,773755809.349,-0.5419398181277922,0.9201013263343718
-0.529,1945518667.981,1916524803.9029999,-28993864.078,0.01241590900125511,0.3781615082070014
2.776,1916524803.904,2910159731.393,993634927.489,-0.28445779992010134,0.3905774172078218
-1.882,2910159731.392,1205458315.2510002,-1704701416.141,0.7758925231907593,0.10611961728790897
-1.943,1205458315.251,1184371039.7589998,-21087275.492,0.023583201639025053,0.8820121404786686
-2.696,1184371039.759,1155334758.246,-29036281.513,0.0338818915897503,0.9055953421176937
-0.301,1155334758.246,1158993645.8170002,3658887.571,-0.004362972137889165,0.939477233707444
-0.984,1158993645.817,1158272089.6959999,-721556.121,0.0008582241628647402,0.9351142615695551
-2.581,1158272089.697,1150387249.108,-7884840.589,0.00944844926892674,0.9359724857312295
-0.9,1150387249.108,1153851701.21,3464452.102,-0.0041673768633425645,0.9454209350001562
-1.044,1153851701.21,1152203156.46,-1648544.75,0.0019799031848648507,0.9412535581368137
0.79,1152203156.461,1188541273.582,36338117.121,-0.04236833144865937,0.9432334613204759
0.977,1188541273.581,1266480071.936,77938798.355,-0.0826729331670023,0.9008651298729468
0.123,1266480071.936,1265102156.999,-1377914.937,0.0013731586602088175,0.8181921967059445
0.889,1265102156.999,1269518852.355,4416695.356,-0.00439091432030414,0.8195653553661533
-1.755,1269518852.355,1158465311.494,-111053540.861,0.1205681204450415,0.8151744410458491
-0.662,1158465311.494,1159588346.1369998,1123034.643,-0.0013348379530963017,0.9357425614908906
2.274,1159588346.137,2677541053.398,1517952707.261,-0.7806215379131346,0.934407723537794
1.599,2677541053.398,2717155029.9969997,39613976.599,-0.008694010353728104,0.15378618562465937
-0.674,2717155029.997,2527149482.787,-190005547.21,0.04418177906270554,0.1450921752709311
2.379,2527149482.787,2873199940.237,346050457.45,-0.07609654103719793,0.18927395433363664
1.391,2873199940.237,2860409853.825,-12790086.412,0.0024848583312302996,0.11317741329643871
-0.388,2860409853.826,2836911624.5290003,-23498229.297,0.004623632779082218,0.11566227162747378
-0.881,2836911624.529,2300925374.6619997,-535986249.867,0.13110751233550866,0.12028590440655608
2.923,2300925374.663,2943550790.601,642625415.938,-0.15149772091561772,0.251393416741763
-1.762,2943550790.601,1231155624.2269998,-1712395166.374,0.7544696513963124,0.0998956958261453
1.614,1231155624.227,2183754179.16,952598554.933,-0.565738174568475,0.8543653472224574
-0.188,2183754179.16,2165879279.304,-17874899.856,0.006034313797918689,0.2886271726539824
-0.099,2165879279.304,2157012149.911,-8867129.393,0.003030529228750356,0.2946614864519011
1.597,2157012149.91,2249415152.06,92403002.15,-0.030407880014563682,0.2976920156809946
-2.121,2249415152.06,1176197295.334,-1073217856.726,0.6476798209141935,0.26728413566643094
2.99,1176197295.334,2812138596.25,1635941300.916,-0.7897199115585042,0.9149639565806245
-1.752,2812138596.251,1210851652.51,-1601286943.741,0.7508683033059429,0.1252440450219184
-0.997,1210851652.51,1207700297.094,-3151355.416,0.0034408801313547954,0.8761123483278613
-2.173,1207700297.094,1161662804.138,-46037492.956,0.052395583059000495,0.8795532284592161
-0.762,1161662804.138,1163829347.703,2166543.565,-0.0025587055266355074,0.9319488115182166
1.081,1163829347.703,1350484486.31,186655138.607,-0.18961963904288948,0.9293901059915811
0.844,1350484486.309,1350133494.4490001,-350991.86,0.0003073640022309698,0.7397704669495669
0.259,1350133494.449,1349381983.0509999,-751511.398,0.0006586371484503806,0.7400778309517981
-0.233,1349381983.052,1347590844.468,-1791138.584,0.0015727456746836843,0.7407364680993713
0.388,1347590844.468,1346706125.156,-884719.312,0.0007783893570335598,0.742309213774055
0.941,1346706125.156,1351342220.661,4636095.505,-0.004067583356920257,0.7430876031310886
1.381,1351342220.661,1685915608.1230001,334573387.462,-0.23448360652121902,0.7390200197741683
2.499,1685915608.122,2754263255.236,1068347647.114,-0.36736145567576495,0.5045364132535112
-2.382,2754263255.236,1168190181.361,-1586073073.875,0.7870937456214138,0.13717495757774625
-0.04,1168190181.362,1171289355.323,3099173.961,-0.003616516703847994,0.9242687031979901
-2.498,1171289355.322,1152525182.675,-18764172.647,0.022194076017779674,0.9206521864953058
-2.848,1152525182.675,1145573789.271,-6951393.404,0.0084066050533802,0.9428462625130855
1.383,1145573789.272,1680308672.703,534734883.431,-0.4435561935234915,0.9512528675652486
-0.582,1680308672.703,1648682290.6790001,-31626382.024,0.01822828203879201,0.5076966740417571
-2.61,1648682290.679,1151967560.593,-496714730.086,0.4175919188017254,0.5259249560805492
0.043,1151967560.593,1155488280.46,3520719.867,-0.004223261228319508,0.9435168748822746
-2.221,1155488280.46,1145140880.957,-10347399.503,0.0124861636299205,0.9392936136539551
2.772,1145140880.957,2771534127.2860003,1626393246.329,-0.8182173446696227,0.9517797772838756
-1.376,2771534127.285,1322773194.001,-1448760933.284,0.6309767828404741,0.13356243261446088
0.143,1322773194.001,1323469077.145,695883.144,-0.0006346867064596085,0.764539215454935
-1.527,1323469077.145,1230663204.401,-92805872.744,0.09097974471199044,0.7639045287484754
-2.884,1230663204.401,1149458317.7680001,-81204886.633,0.09165834056148237,0.8548842734604658
1.475,1149458317.768,1805935930.8109999,656477613.043,-0.5049479616769439,0.9465426140219485
0.61,1805935930.811,1799396122.661,-6539808.15,0.003213350934368364,0.4415946523450046
-0.282,1799396122.661,1796490824.647,-2905298.014,0.0014350306348272501,0.444808003279373
2.598,1796490824.648,2770973498.41,974482673.762,-0.312564042482959,0.4462430339137056
-0.091,2770973498.409,2734644458.619,-36329039.79,0.007654960355932355,0.13367899143095455
-1.806,2734644458.619,1200602702.557,-1534041756.062,0.7460351041614309,0.1413339517868869
0.178,1200602702.557,1201435715.681,833013.124,-0.0009220920077105399,0.8873690559483178
2.546,1201435715.68,2772125721.445,1570690005.765,-0.7530074769281645,0.8864469639417134
-2.735,2772125721.446,1161672925.18,-1610452796.266,0.7984973492836573,0.1334394870133411
-1.785,1161672925.18,1149729238.765,-11943686.415,0.014278455020508396,0.9319368362969984
-1.43,1149729238.764,1149494653.4129999,-234585.351,0.0002834135603247967,0.9462152913187146
-0.364,1149494653.413,1151577214.548,2082561.135,-0.002512002165398708,0.9464987048790391
1.998,1151577214.548,2470328269.572,1318751055.024,-0.7401800195026507,0.9439867027136404
1.435,2470328269.572,2489794952.937,19466683.365,-0.005053543208505151,0.20380668321098977
2.929,2489794952.937,2917797617.1809998,428002664.244,-0.09406975087140038,0.19875314000248462
0.189,2917797617.181,2879605839.5530005,-38191777.628,0.007257782197089432,0.10468338913108416
2.609,2879605839.553,2979773298.848,100167459.295,-0.01863943128880262,0.11194117132817367
2.213,2979773298.847,3015263262.635,35489963.788,-0.006306949659753508,0.09330174003955084
-1.152,3015263262.635,1707954327.5930002,-1307308935.042,0.4053209099728107,0.08699479037979733
0.226,1707954327.593,1704639645.5709999,-3314682.022,0.0018178385285153031,0.4923157003526082
-2.427,1704639645.571,1164656178.9370003,-539983466.634,0.43428258248066887,0.4941335388811233
-0.815,1164656178.938,1164917349.114,261170.176,-0.0003073640020472279,0.9284161213606154
0.433,1164917349.114,1165182030.563,264681.449,-0.00031135574311513814,0.9281087573585681
-1.972,1165182030.563,1151168580.0049999,-14013450.558,0.016681482676087156,0.927797401615453
2.633,1151168580.005,2756056606.6470003,1604888026.642,-0.8076811461714085,0.9444788842915398
-1.366,2756056606.647,1316473693.5649998,-1439582913.082,0.6335175255351209,0.13679773812013135
2.238,1316473693.564,2710311719.726,1393838026.162,-0.6237393585190227,0.7703152636561734
2.339,2710311719.727,2843002978.7570004,132691259.03,-0.027495905472422866,0.14657590513693325
0.942,2843002978.756,2818958056.723,-24044922.033,0.004790487523154169,0.119079999664708
-0.709,2818958056.723,2617155322.28,-201802734.443,0.04367482804570094,0.12387048718786217
-1.18,2617155322.28,1591621703.354,-1025533618.926,0.3930997978975962,0.1675453152335631
-0.3,1591621703.354,1590026716.424,-1594986.93,0.0010063177275817514,0.5606451131311593
-0.785,1590026716.424,1578955678.714,-11071037.71,0.007041030699395212,0.561651430858741
0.161,1578955678.714,1575864065.966,-3091612.748,0.001983894924344698,0.5686924615581362
1.274,1575864065.966,1933601104.8600001,357737038.894,-0.18745651497896193,0.5706763564824809
-2.738,1933601104.86,1156189661.3519998,-777411443.508,0.5552355066892489,0.3832198415035192
2.206,1156189661.352,2611612141.646,1455422480.294,-0.769615112408755,0.9384553481927678
2.859,2611612141.646,2881310881.199,269698739.553,-0.05722718550779109,0.16884023578401275
0.638,2881310881.199,2838262330.654,-43048550.545,0.008405008356656904,0.11161305027622166
-0.943,2838262330.653,2103957596.8379998,-734304733.815,0.1963401329967774,0.12001805863307677
-0.871,2103957596.839,2016544741.331,-87412855.508,0.032896730085925585,0.3163581916294934
-0.688,2016544741.33,2006518174.289,-10026567.041,0.003956612976400542,0.34925492171581163
1.258,2006518174.289,2259498933.516,252980759.227,-0.08909524412069697,0.35321153469221217
1.339,2259498933.517,2317674352.848,58175419.331,-0.017737697157055754,0.26411629057120234
1.048,2317674352.847,2312479585.1410003,-5194767.706,0.001547597710751275,0.24637859341444382
-0.923,2312479585.141,2003583408.9269998,-308896176.214,0.1064509317318609,0.24792619112519518
-2.163,2003583408.927,1162641987.6529999,-840941421.274,0.5764140839766559,0.3543771228570559
1.721,1162641987.653,2150508729.722,987866742.069,-0.6308606231978121,0.9307912068337115
0.03,2150508729.721,2127470591.7080002,-23038138.013,0.0080401632940022,0.29993058363624464
2.895,2127470591.708,2792397140.3059998,664926548.598,-0.17871260787163737,0.307970746930247
2.761,2792397140.306,2915621902.1520004,123224761.846,-0.024166394895728874,0.12925813905860956
2.19,2915621902.152,2929675340.703,14053438.551,-0.0026269642854598596,0.10509174416288077
0.845,2929675340.703,2911314094.399,-18361246.304,0.0034372875646486306,0.1024647798774209
-0.153,2911314094.399,2892943027.103,-18371067.296,0.003482793403867354,0.10590206744206954
-1.325,2892943027.103,1427531370.002,-1465411657.101,0.5665736458114052,0.10938486084593689
2.082,1427531370.002,2691976630.951,1264445260.949,-0.5253701041798662,0.6759585066573421
-0.785,2691976630.951,2345878701.65,-346097929.301,0.0875073298330512,0.150588402477476
-1.414,2345878701.65,1349350119.249,-996528582.401,0.5026686779709288,0.23809573231052722
1.275,1349350119.249,1812577657.624,463227538.375,-0.30240945435659833,0.7407644102814561
0.432,1812577657.624,1806086783.3730001,-6490874.251,0.003165849224764483,0.4383549559248578
1.023,1806086783.373,1812291048.5059998,6204265.133,-0.0030265374888528984,0.4415208051496223
-0.471,1812291048.506,1803923443.293,-8367605.213,0.004086743710141838,0.4384942676607692
1.194,1803923443.293,1818823366.7879999,14899923.495,-0.007250996238785112,0.44258101137091105
-1.472,1818823366.788,1297426619.173,-521396747.615,0.35279080526487905,0.43533001513212577
-1.295,1297426619.172,1280791016.5319998,-16635602.64,0.01598452482084778,0.7881208203979537
-2.775,1280791016.532,1144475758.573,-136315257.959,0.14848475534409422,0.8041053452188015
-1.447,1144475758.573,1139442072.19,-5033686.383,0.0061632470086828706,0.9525901005628957
2.081,1139442072.189,2490539064.7279997,1351096992.539,-0.7601918111042363,0.9587533475728088
0.374,2490539064.728,2466232650.8240004,-24306413.904,0.00631852570663663,0.19856153646857233
1.88,2466232650.824,2600313597.8199997,134080946.996,-0.03338332322757098,0.20488006217520904
0.123,2600313597.82,2571788254.386,-28525343.434,0.0068107072844720284,0.1714967389476379
0.594,2571788254.386,2565946426.888,-5841827.498,0.0014134752369563686,0.17830744623210992
-2.507,2565946426.888,1150678468.793,-1415267958.095,0.765348740384797,0.1797209214690663
-0.216,1150678468.792,1153242919.088,2564450.296,-0.0030856152445548624,0.9450696618550691
-1.948,1153242919.088,1139146779.062,-14096140.026,0.01713254932893371,0.9419840466105143
1.747,1139146779.062,2129644221.6360002,990497442.574,-0.6519118639709511,0.959116595939448
0.779,2129644221.636,2112409773.697,-17234447.939,0.006116942821983551,0.3072047319684969
1.461,2112409773.698,2158545140.5759997,46135366.878,-0.016155371305771327,0.3133216747901225
-1.179,2158545140.575,1374225709.7009997,-784319430.874,0.4221784283960744,0.2971663034846938
1.852,1374225709.702,2259895943.092,885670233.39,-0.4553525844318333,0.7193447318799225
1.244,2259895943.091,2254816852.501,-5079090.59,0.0015915068539711918,0.26399214744840194
2.415,2254816852.501,2690857475.37,436040622.869,-0.11474856227483066,0.26558365430237313
-0.671,2690857475.37,2518366763.6029997,-172490711.767,0.04064230294660126,0.15083509202754247
1.67,2518366763.603,2620378552.9880004,102011789.385,-0.024682526915313835,0.19147739497414365
-1.827,2620378552.988,1200440561.6859999,-1419937991.302,0.7207538162030867,0.1667948680588299
0.137,1200440561.686,1202953250.229,2512688.543,-0.0027782512423349948,0.8875486842619162
1.84,1202953250.229,2273513960.228,1070560709.999,-0.6250103286276892,0.8847704330195812
2.786,2273513960.228,2789499487.08,515985526.852,-0.12990799437784142,0.259760104391892
0.256,2789499487.081,2761233387.73,-28266099.351,0.005859475573106149,0.12985211001384545
1.488,2761233387.73,2771985483.112,10752095.382,-0.00224295886942269,0.1357115855869516
0.493,2771985483.112,2757460654.483,-14524828.629,0.003034121795233602,0.1334686267175289
-0.852,2757460654.483,2333710033.028,-423750621.455,0.10514204009043876,0.1365027485127625
1.627,2333710033.028,2626096969.944,292386936.916,-0.0761767750170933,0.24164478860320127
-1.978,2626096969.944,1184165574.7679996,-1441931395.176,0.7403612445114884,0.16546801358610796
0.681,1184165574.767,1200342217.566,16176642.799,-0.01817159932677559,0.9058292580987348
1.164,1200342217.566,1458156379.981,257814162.415,-0.23519054372697967,0.8876576587719592
-0.893,1458156379.981,1342822613.133,-115333766.848,0.09404939299577597,0.6524671150449796
2.489,1342822613.133,2641533357.283,1298710744.15,-0.5846015424875226,0.7465165080407555
0.574,2641533357.283,2611624077.607,-29909279.676,0.0069224760125793094,0.1619149655532329
1.9,2611624077.607,2707349099.13,95725021.523,-0.021616870371901742,0.1688374415658122
1.334,2707349099.13,2708548042.1940002,1198943.064,-0.0002610598149926091,0.14722057119391047
1.789,2708548042.194,2728406876.404,19858834.21,-0.0042907216387612634,0.14695951137891802
-0.117,2728406876.404,2710319065.536,-18087810.868,0.0039055187007748238,0.14266878974015676
-0.243,2710319065.536,2703725734.061,-6593331.475,0.0014366273308013544,0.14657430844093158
-0.144,2703725734.062,2695721149.213,-8004584.849,0.0017535715099057658,0.14801093577151453
-1.435,2695721149.213,1331717516.0809999,-1364003633.132,0.6066674836418576,0.1497645072814203
0.334,1331717516.08,1334036815.414,2319299.334,-0.002084486780397854,0.756431990924178
2.351,1334036815.414,2690312721.951,1356275906.537,-0.6033922607335773,0.7543475041437802
1.58,2690312721.951,2722353311.096,32040589.145,-0.006985146335100029,0.15095524341020286
0.894,2722353311.096,2706253746.4700003,-16099564.626,0.003489180188305102,0.14397009707510283
-0.211,2706253746.47,2691820835.0969996,-14432911.373,0.003163454180608094,0.14745927726340802
0.796,2691820835.097,2688508106.524,-3312728.573,0.0007308876472865433,0.15062273144401603
0.027,2688508106.524,2684965602.234,-3542504.29,0.0007835786192003369,0.15135361909130257
-2.736,2684965602.234,1162067783.413,-1522897818.821,0.7793326049739346,0.1521371977105029
1.75,1162067783.414,2212059039.856,1049991256.442,-0.6521984709232129,0.9314698026832552
-0.573,2212059039.856,2152955658.264,-59103381.592,0.019815397978386773,0.27927133176004226
-0.278,2152955658.264,2147058476.212,-5897182.052,0.00203698507036032,0.29908672973842904
-0.423,2147058476.211,2142496361.773,-4562114.438,0.0015835233735166931,0.30112371480913575
0.003,2142496361.773,2138121585.353,-4374776.42,0.0015248447910338192,0.30270723818265244
0.525,2138121585.353,2130361053.5909998,-7760531.762,0.0027203710084305333,0.30423208297368626
-1.548,2130361053.591,1212985004.473,-917376049.118,0.5668406932367793,0.3069524539821168
2.738,1212985004.473,2699089934.352,1486104929.879,-0.7247679102394757,0.8737931472188961
-2.704,2699089934.351,1155679238.9149997,-1543410695.436,0.7900400491305859,0.14902523697963968
-0.881,1155679238.916,1156313326.222,634087.306,-0.0007576323070787039,0.93906528610903
0.124,1156313326.222,1157598330.7429998,1285004.521,-0.0015328282714993646,0.9383076538019512
-1.886,1157598330.743,1141435240.671,-16163090.072,0.019531585244309535,0.9367748255304515
-2.823,1141435240.672,1137442914.5839999,-3992326.088,0.004909840558038225,0.9563064107735354
1.569,1137442914.584,1931040608.8190002,793597694.235,-0.5769014754663175,0.9612162513315733
1.703,1931040608.818,2160802608.52,229761999.702,-0.08792127330110072,0.38431477586568397
2.015,2160802608.521,2472053435.907,311250827.386,-0.09303788600614121,0.2963935025642413
1.661,2472053435.907,2485878655.5620003,13825219.655,-0.003592167087813264,0.20335561655810008
0.035,2485878655.562,2468657309.632,-17221345.93,0.004480728476719542,0.1997634494702869
1.144,2468657309.633,2462759990.494,-5897319.139,0.0015487952329466537,0.20424417794674446
-1.266,2462759990.494,1372923881.668,-1089836108.826,0.5146534790205437,0.2057929731796911
-1.747,1372923881.668,1189347018.753,-183576862.915,0.1795085608859459,0.7204464522002348
2.034,1189347018.753,2425359559.5550003,1236012540.802,-0.6841643271736992,0.8999550130861808
0.557,2425359559.555,2405961491.384,-19398068.171,0.00530781706482536,0.2157906859124816
1.543,2405961491.383,2452367362.178,46405870.795,-0.012558014955409924,0.22109850297758282
-1.747,2452367362.178,1208050448.1859999,-1244316913.992,0.6706295333695935,0.2085404880221729
-2.37,1208050448.187,1149801946.615,-58248501.572,0.06695745164094602,0.8791700213906719
-2.9,1149801946.615,1133741858.317,-16060088.298,0.019671296153453532,0.9461274730316179
-2.25,1133741858.316,1130368189.178,-3373669.138,0.004203302526585739,0.9657987691863137
-2.298,1130368189.178,1129142895.856,-1225293.322,0.0015328282716241537,0.9700020717128994
-0.165,1129142895.856,1132547722.7289999,3404826.873,-0.004251203409481152,0.9715348999845236
1.639,1132547722.73,2000086003.698,867538280.968,-0.6115130571810414,0.9672836965737976
-0.998,2000086003.698,1508534534.1269999,-491551469.571,0.2601281428463956,0.3557706393927562
-1.75,1508534534.127,1168596311.3260002,-339938222.801,0.3078949038644654,0.6158987822391517
-2.566,1168596311.326,1135895724.773,-32700586.553,0.03933460882701767,0.9237936861036175
0.827,1135895724.772,1181341886.2480001,45446161.476,-0.054076105721892254,0.9631282949318724
-1.777,1181341886.249,1137740561.02,-43601325.229,0.051796822016147326,0.909052189208836
0.807,1137740561.02,1172126824.122,34386263.102,-0.041170809360642324,0.9608490112249833
1.202,1172126824.122,1419093908.539,246967084.417,-0.23706945588178752,0.919678201864341
1.139,1419093908.539,1438321191.505,19227282.966,-0.015040877416539256,0.6826087459825535
-2.014,1438321191.505,1147190244.2940001,-291130947.211,0.28172106277662945,0.6675678685660142
-2.096,1147190244.294,1137417039.645,-9773204.649,0.011959253911191459,0.949288931342644
0.045,1137417039.645,1140267107.57,2850067.925,-0.003508739715434306,0.9612481852538355
-1.396,1140267107.57,1137763214.409,-2503893.161,0.003081623504252784,0.9577394455384012
1.893,1137763214.409,2160490993.183,1022727778.774,-0.6643209870125744,0.960821069042654
-1.457,2160490993.183,1210763689.197,-949727303.986,0.5797080680649485,0.2965000820300796
0.835,1210763689.197,1256755058.4390001,45991369.242,-0.0482601401178695,0.8762081500950281
-1.38,1256755058.439,1201970028.8769999,-54785029.562,0.05790817640159085,0.8279480099771586
-1.176,1201970028.877,1200375717.599,-1594311.278,0.001764349208925764,0.8858561863787491
-0.1,1200375717.6,1203166734.847,2791017.247,-0.003085615245474904,0.8876205355865667
-1.23,1203166734.846,1198674266.261,-4492468.585,0.00497370840301381,0.884534920342195
0.377,1198674266.262,1201251704.276,2577438.014,-0.002858086047966779,0.8895086287440974
1.326,1201251704.276,1613469241.226,412217536.95,-0.33958932177506373,0.8866505426961306
-1.615,1613469241.226,1185866839.013,-427602402.213,0.3568336398318839,0.5470612209210669
-1.542,1185866839.013,1177021018.653,-8845820.36,0.0101190616378668,0.9038948607529508
-1.493,1177021018.653,1173447235.9450002,-3573782.708,0.004131451201395797,0.9140139223908176
2.299,1173447235.945,2457322452.309,1283875216.364,-0.7109177689517394,0.9181453735922137
1.189,2457322452.31,2460987200.406,3664748.096,-0.0009675978465199242,0.2072276046402099
2.1,2460987200.406,2585569419.954,124582219.548,-0.031261713262928315,0.20626000679368997
2.767,2585569419.953,2781821077.441,196251657.488,-0.04356625270993161,0.17499829353100047
1.979,2781821077.441,2787213657.347,5392579.906,-0.0011105021489749567,0.13143204082106885
-0.037,2787213657.347,2773898172.972,-13315484.375,0.0027499098864701144,0.1303215386720939
0.766,2773898172.972,2743819204.2650003,-30078968.707,0.006310143051995953,0.133071448558564
-0.562,2743819204.265,2688884019.021,-54935185.244,0.011888999282711504,0.13938159161056005
2.173,2688884019.021,2802223283.953,113339264.932,-0.02401750298274316,0.15127059089327155
-2.632,2802223283.953,1147204062.937,-1655019221.016,0.8220190781237995,0.1272530879105284
-2.676,1147204062.938,1129378813.418,-17825249.52,0.021967345169652597,0.9492721660331147
-1.776,1129378813.418,1125948611.705,-3430201.713,0.004307087774242602,0.9712395112027673
-2.099,1125948611.705,1123762807.3839998,-2185804.321,0.0027582925409261883,0.9755465989770099
0.315,1123762807.384,1126763737.362,3000929.978,-0.003784169795359449,0.9783048915179358
0.339,1126763737.363,1126878012.638,114275.275,-0.0001437026501026617,0.9745207217213187
1.103,1126878012.638,1310865105.426,183987092.788,-0.19887249303684307,0.974377019071216
-2.877,1310865105.426,1123292595.255,-187572510.171,0.20339513478687798,0.7755045260343729
2.191,1123292595.255,2449312998.32,1326020403.065,-0.7695472528239187,0.9788996608212509
-0.775,2449312998.32,2144112214.256,-305200784.064,0.09279319232654493,0.2093524079973323
-1.287,2144112214.257,1330742820.6430001,-813369393.614,0.45516457346375844,0.30214560032352983
-1.866,1330742820.642,1160065891.7419999,-170676928.9,0.17653072262891256,0.75731017378819
-1.068,1160065891.743,1158037358.286,-2028533.457,0.0024110111351915986,0.9338408964159158
-1.904,1158037358.285,1145160551.509,-12876806.776,0.015503919290370094,0.9362519075522978
2.564,1145160551.509,2596701150.858,1451540599.349,-0.7794048554727464,0.9517558268426679
2.028,2596701150.858,2677051843.1169996,80350692.259,-0.01845581123542303,0.17235097136992156
-0.584,2677051843.117,2593989984.605,-83061858.512,0.019098481422205188,0.15389516013449844
-2.459,2593989984.605,1146838310.134,-1447151674.471,0.7767224059965752,0.17299364155670363
1.459,1146838310.134,1783690115.9490001,636851805.815,-0.49709461182855774,0.9497160475532788
-0.182,1783690115.949,1772058360.9699998,-11631754.979,0.005875841708474716,0.4526214357247212
1.443,1772058360.97,1839601468.738,67543107.768,-0.0330827451837547,0.4584972774331958
-2.998,1839601468.738,1137763214.409,-701838254.329,0.5354065367932128,0.4254145322494411
2.516,1137763214.409,2609152253.8190002,1471389039.41,-0.7914044259607815,0.960821069042654
1.683,2609152253.818,2655018216.743,45865962.925,-0.0105717249865582,0.1694166430821071
2.14,2655018216.744,2721986505.752,66968289.008,-0.014795784562532582,0.15884491809532242
-2.343,2721986505.752,1157410756.3969998,-1564575749.355,0.7929492294535492,0.14404913353278984
1.066,1157410756.397,1333060500.2840002,175649743.887,-0.18177427267440627,0.9369983629863387
-2.242,1333060500.284,1140081857.8769999,-192978642.407,0.20274288442360433,0.7552240903119327
2.427,1140081857.877,2578228280.1990004,1438146422.322,-0.7812103196063769,0.9579669747355367
0.754,2578228280.199,2557085331.855,-21142948.344,0.0051206044452944965,0.17675665512916003
1.675,2557085331.855,2615958918.981,58873587.126,-0.014052921694467813,0.18187725957445453
2.073,2615958918.981,2673707429.564,57748510.583,-0.013183121484926869,0.1678243378799867
-1.989,2673707429.565,1173405928.0470002,-1500301501.518,0.7635520580805356,0.15464121639483655
1.367,1173405928.047,1717793940.31,544388012.263,-0.4312324937232487,0.9181932744753725
1.336,1717793940.31,1765222729.184,47428788.874,-0.024974323130411036,0.4869607807521238
1.992,1765222729.184,2420309787.551,655087058.367,-0.2448222138749523,0.46198645762171275
-1.733,2420309787.551,1205084250.4520001,-1215225537.099,0.665259045982101,0.21716424374676047
2.345,1205084250.453,2546580133.874,1341495883.421,-0.6979701601436864,0.8824232897277622
-0.546,2546580133.874,2478391523.901,-68188609.973,0.017250704841592635,0.1844531295840758
-2.253,2478391523.901,1164452750.874,-1313938773.027,0.7269517913527497,0.20170383442566844
-2.616,1164452750.874,1140728868.711,-23723882.163,0.028516992638312644,0.9286556257784181
1.674,1140728868.711,2033230096.076,892501227.365,-0.6144154515469893,0.9571726184167307
2.922,2033230096.075,2680823200.38,647593104.305,-0.18970107054470328,0.3427571668701277
2.259,2680823200.38,2740478720.525,59655520.145,-0.012965172465091851,0.1530560963254244
1.002,2740478720.525,2738973747.6210003,-1504972.904,0.0003201375713536292,0.14009092386033256
1.258,2738973747.621,2730114528.304,-8859219.317,0.001891685723918124,0.14041106143168625
-2.201,2730114528.304,1162283887.839,-1567830640.465,0.7889115841499714,0.14230274715560437
2.618,1162283887.84,2633242047.609,1470958159.769,-0.7673961039804693,0.9312143313043941
-2.437,2633242047.609,1142684107.8350003,-1490557939.774,0.790959346918749,0.16381822732392484
-1.298,1142684107.835,1135189746.966,-7494360.869,0.009224911812602321,0.9547775742426741
2.07,1135189746.966,2449332495.6610003,1314142748.695,-0.7546552673202596,0.9640024860552764
1.392,2449332495.662,2474795752.013,25463256.351,-0.0067073212108189895,0.20934721873475068
2.877,2474795752.013,2792843617.514,318047865.501,-0.0734731693179054,0.2026398975239317
0.218,2792843617.514,2771265304.312,-21578313.202,0.004451588772543147,0.1291667282060263
-2.046,2771265304.313,1167232287.9800003,-1604033016.333,0.7917720652414233,0.1336183169783614
1.559,1167232287.98,1972411875.1030002,805179587.123,-0.5584189195706115,0.925390382219785
1.862,1972411875.103,2306255776.45,333843901.347,-0.11718192715618986,0.36697146264917346
-2.29,2306255776.45,1148517694.3509998,-1157738082.099,0.6978907245118673,0.2497895354929836
2.397,1148517694.351,2556908799.538,1408391105.187,-0.7657598896354066,0.9476802600048506
2.113,2556908799.538,2657724310.271,100815510.733,-0.023687785234765613,0.181920370369444
2.818,2657724310.271,2775597777.0239997,117873466.753,-0.025513607243855624,0.1582325851346784
-2.464,2775597777.024,1146979715.6640003,-1628618061.36,0.8168254248299174,0.1327189778908226
-1.614,1146979715.664,1137669370.528,-9310345.136,0.011392426790233223,0.9495444027207404
-0.532,1137669370.528,1139468039.3460002,1798668.818,-0.0022154158611341623,0.9609368295109736
2.988,1139468039.346,2666142325.343,1526674285.997,-0.8023857035014436,0.9587214136498398
-0.647,2666142325.343,2526700911.887,-139441413.456,0.0330504120871897,0.15633571014839617
2.496,2526700911.886,2775746085.8510003,249045173.965,-0.05669788074518964,0.18938612223583598
-1.873,2775746085.851,1183477471.027,-1592268614.824,0.7739249944008577,0.13268824149064642
0.274,1183477471.027,1184195723.869,718252.842,-0.0008183067593687809,0.9066132358915041
-2.49,1184195723.869,1133510538.814,-50685185.055,0.06029124535507335,0.9057949291321353
1.518,1133510538.814,1859353828.0609999,725843289.247,-0.5498921631358731,0.9660861744872087
-1.878,1859353828.061,1145081873.354,-714271954.707,0.5356576172578567,0.41619401135133566
-0.607,1145081873.354,1147944175.4750001,2862302.121,-0.0034768057936885866,0.9518516286091924
2.615,1147944175.475,2566058361.149,1418114185.674,-0.7686810451804624,0.9483748228155041
1.508,2566058361.148,2602421553.2549996,36363192.107,-0.008694409527807118,0.17969377763528424
-2.876,2602421553.255,1132034889.315,-1470386663.94,0.7969230069136533,0.17099936810747704
-0.126,1132034889.315,1134629458.384,2594569.069,-0.0032253261546978385,0.9679223750211303
-1.139,1134629458.385,1127186036.42,-7443421.965,0.009292771397099164,0.9646970488651923
1.087,1127186036.419,1298945905.3969998,171759868.978,-0.1873084214139883,0.9739898202635484
-2.75,1298945905.398,1119711114.533,-179234790.865,0.19676485416310274,0.7866813988486134
0.64,1119711114.532,1129621209.767,9910095.235,-0.012510114071480172,0.9834462530129897
0.655,1129621209.768,1135669974.306,6048764.538,-0.007528422189253092,0.9709361389402581
2.971,1135669974.305,2632576555.326,1496906581.021,-0.7994362066010953,0.9634077167522429
-1.139,2632576555.326,1526717557.2520003,-1105858998.074,0.43932135624913105,0.16397151015114766
2.629,1526717557.252,2685596541.4890003,1158878984.237,-0.45129537960010546,0.6032928664002789
-1.288,2685596541.489,1402195136.4859998,-1283401405.003,0.5441712009506824,0.15199748680017355
1.474,1402195136.486,2088048843.638,685853707.152,-0.37402846030952064,0.6961686877508558
1.362,2088048843.639,2101318209.4459999,13269365.807,-0.0048288082299352,0.32214022744096904
-1.75,2101318209.446,1183782184.078,-917536025.368,0.588954535275311,0.3173114192110337
-2.292,1183782184.078,1129825413.7280002,-53956770.35,0.06441471307542679,0.9062659544863447
-1.188,1129825413.728,1128041128.3799999,-1784285.348,0.0022353745624464905,0.9706806675617715
-1.079,1128041128.38,1128859287.69,818159.31,-0.0010258772544708972,0.972916042124218
2.344,1128859287.69,2533953391.728,1405094104.038,-0.784312700159775,0.9718901648697471
2.756,2533953391.728,2755543982.2710004,221590590.543,-0.05067194960194513,0.18757746470997216
2.584,2755543982.271,2788525218.725,32981236.454,-0.0068534189055694805,0.13690551510802712
-1.781,2788525218.725,1184692704.04,-1603832514.685,0.7751772033305856,0.13005209620245764
1.427,1184692704.04,1793870791.971,609178087.931,-0.4576881516762842,0.9052292995330432
2.137,1793870791.972,2507736366.692,713865574.72,-0.25337611414434014,0.44754114785626276
-1.391,2507736366.691,1288547710.089,-1219188656.602,0.6024358397603816,0.19416503371217644
2.964,1288547710.09,2672692697.803,1384144987.713,-0.641732926228204,0.7966008734715966
0.214,2672692697.803,2640037488.533,-32655209.27,0.007389509626601065,0.15486794724339262
0.534,2640037488.532,2626954125.5,-13083363.032,0.0030121672235256247,0.16225745687022275
-2.861,2626954125.5,1134619803.087,-1492334322.413,0.7994393999924475,0.16526962409374837
2.882,1134619803.087,2684506104.567,1549886301.48,-0.8124700369983938,0.9647090240861959
2.682,2684506104.567,2801006681.802,116500577.235,-0.02473841127944601,0.15223898708780206
-1.37,2801006681.801,1325179064.821,-1475827616.98,0.6348471742265414,0.1275005758085596
-2.652,1325179064.821,1130125472.18,-195053592.641,0.20795769394007413,0.762347750035101
1.377,1130125472.181,1668877233.6360002,538751761.455,-0.45609983821394595,0.9703054439739254
1.563,1668877233.636,1927070034.543,258192800.907,-0.1281871551384255,0.5142056057599795
0.908,1927070034.543,1905755620.193,-21314414.35,0.00926682508539145,0.38601845062155404
-1.342,1905755620.192,1212448205.728,-693307414.464,0.47909066559435265,0.39528527570738525
0.486,1212448205.728,1215761127.254,3312921.526,-0.0035885745221320153,0.8743759413017379
2.069,1215761127.254,2405572267.601,1189811140.347,-0.6495814859883831,0.8707873667796059
0.931,2405572267.601,2386825676.994,-18746590.607,0.005213212819913854,0.22120588079122286
-1.329,2386825676.993,1304211592.68,-1082614084.313,0.5552993745339815,0.22641909361141696
0.04,1304211592.68,1302872181.724,-1339410.956,0.001258595713973465,0.7817184681453985
0.292,1302872181.725,1302700334.957,-171846.768,0.0001616654819840413,0.7829770638584312
-1.132,1302700334.957,1284748430.198,-17951904.759,0.0171265617186539,0.7831387293404153
-1.569,1284748430.198,1195242933.126,-89505497.072,0.09306742488450892,0.8002652910590692
1.169,1195242933.126,1434854039.473,239611106.347,-0.2230823979023614,0.8933327159435781
-0.211,1434854039.473,1431965698.694,-2888340.779,0.0022445555654798666,0.6702503180412167
-1.473,1431965698.694,1196991959.207,-234973739.487,0.2188858813338712,0.6724948736066966
-0.264,1196991959.207,1199170174.24,2178215.033,-0.0024229863567241106,0.8913807549405678
0.456,1199170174.239,1200426151.283,1255977.044,-0.0013931173612454772,0.8889577685849541
-2.54,1200426151.284,1122737683.5679998,-77688467.716,0.09203755588910356,0.8875646512226005
2.833,1122737683.568,2592490333.252,1469752649.684,-0.8062525023210441,0.9796022071117038
2.723,2592490333.252,2705466665.946,112976332.694,-0.02571878269491848,0.17334970479065967
1.24,2705466665.945,2684760160.307,-20706505.638,0.004551781453772524,0.1476309220959593
-2.584,2684760160.307,1133928267.6980002,-1550831892.609,0.8133845446990899,0.15218270354973182
0.44,1133928267.698,1135679647.485,1751379.787,-0.0021715067179836067,0.9655672482488221
0.861,1135679647.485,1184444687.9139998,48765040.429,-0.05788422596005849,0.9633957415308385
-0.339,1184444687.914,1182746099.895,-1698588.019,0.0019359940412472243,0.90551151557078
0.68,1182746099.895,1184609552.692,1863452.797,-0.0021236058351481457,0.9074475096120272
0.986,1184609552.691,1235208379.6529999,50598826.962,-0.05521375170473619,0.9053239037780169
-2.926,1235208379.654,1122671509.1230001,-112536870.531,0.12957588158621114,0.850110152072234
2.458,1122671509.123,2493625669.383,1370954160.26,-0.7819180551597786,0.9796860336584454
-0.609,2493625669.383,2388457540.092,-105168129.291,0.028194060849287966,0.19776797849866679
-0.476,2388457540.092,2367931576.249,-20525963.843,0.005794809380543053,0.22596203934795475
-1.576,2367931576.249,1199990400.0770001,-1167941176.172,0.6562908030694156,0.2317568487284978
1.632,1199990400.077,2029571877.0349998,829581476.958,-0.5438750138209416,0.8880476517979137
0.085,2029571877.034,2020031643.7949998,-9540233.239,0.0037155118629964012,0.34417263797735964
0.283,2020031643.796,2010673661.13,-9357982.666,0.0036787878523333872,0.3478881498399648
0.861,2010673661.13,2007078967.5180001,-3594693.612,0.0014222570658086742,0.3515669376922982
-0.635,2007078967.518,1945527184.3649998,-61551783.153,0.02516872088253852,0.35298919475810686
1.586,1945527184.365,2063162694.305,117635509.94,-0.046793973909206865,0.3781579156406452
1.292,2063162694.305,2059354721.792,-3807972.513,0.001431038894197545,0.33136394173143835
2.534,2059354721.791,2597225513.844,537870792.053,-0.16056815237893113,0.3327949806260125
0.025,2597225513.845,2556771513.475,-40454000.37,0.009727072740993437,0.1722268282468447
2.297,2556771513.475,2661189937.775,104418424.3,-0.024503696950189058,0.18195390098783815
-2.384,2661189937.775,1139448563.868,-1521741373.907,0.8012951600535491,0.1574502040376491
1.003,1139448563.868,1269248550.915,129799987.047,-0.14330307727198477,0.9587453640911981
1.65,1269248550.915,1995765982.468,726517431.553,-0.4579436230544751,0.8154422868192134
-2.621,1995765982.468,1129471294.487,-866294687.981,0.6136250869694667,0.35749866376473827
-2.858,1129471294.487,1118008603.076,-11462691.411,0.014494008996763785,0.971123750734205
-0.613,1118008603.076,1122195912.962,4187309.886,-0.0053289732881079965,0.9856177597309688
-0.665,1122195912.962,1122041667.017,-154245.945,0.0001955952740297917,0.9802887864428608
-2.326,1122041667.017,1115483185.485,-6558481.532,0.008366687649947857,0.9804843817168906
-2.327,1115483185.485,1113675658.669,-1807526.816,0.0023231928496316723,0.9888510693668384
1.389,1113675658.67,1589907268.6590002,476231609.989,-0.4294473874651611,0.9911742622151823
-2.14,1589907268.659,1122173875.2319999,-467733393.427,0.4185898538731174,0.5617268747500214
-2.264,1122173875.231,1115585849.909,-6588025.322,0.008402613312504581,0.9803167286244067
-1.499,1115585849.909,1113220044.6399999,-2365805.269,0.003041706101788888,0.9887193419369112
-2.154,1113220044.64,1110426348.196,-2793696.444,0.003608533223396826,0.9917610480386998
-0.631,1110426348.196,1114261996.423,3835648.227,-0.004949757961046353,0.9953695812620966
2.092,1114261996.423,2296674014.109,1182412017.686,-0.737741864533327,0.9904198233010503
0.712,2296674014.11,2268076427.372,-28597586.738,0.008765861678927178,0.25267795876742055
2.467,2268076427.371,2592251759.4909997,324175332.12,-0.08803743294381627,0.2614438204466583
2.26,2592251759.491,2650452962.4110003,58201202.92,-0.013525612801886938,0.17340638750284196
-1.507,2650452962.411,1244810695.4129999,-1405642266.998,0.6802580101252741,0.1598807747009551
2.968,1244810695.413,2621499969.852,1376689274.439,-0.6736045774081467,0.8401387848262292
0.108,2621499969.853,2604938311.8050003,-16561658.048,0.003872387256250387,0.16653420741785016
-1.05,2604938311.805,1761734251.1969998,-843204060.608,0.2933709568159186,0.17040659467410071
0.969,1761734251.197,1841189150.425,79454899.228,-0.03911147054519398,0.46377755149001915
2.834,1841189150.425,2656989909.417,815800758.992,-0.26626743941407294,0.42466608094482516
2.476,2656989909.417,2746417127.207,89427217.79,-0.019567510906425806,0.15839864153075223
1.458,2746417127.206,2732699620.291,-13717506.915,0.0029183613267194652,0.13883113062453808
-1.672,2732699620.291,1224035154.2889998,-1508664466.002,0.7201602444221734,0.14174949195125755
1.628,1224035154.29,2090823272.118,866788117.828,-0.5407842093133781,0.861909736372365
-2.43,2090823272.118,1128585374.663,-962237897.455,0.6511079274749576,0.32112552705898695
-0.989,1128585374.662,1127882091.2059999,-703283.456,0.0008821746043782275,0.9722334545351983
1.258,1127882091.206,1459369333.542,331487242.336,-0.3215586308805378,0.9731156291395762
2.999,1459369333.543,2614138174.1949997,1154768840.652,-0.4833075400374829,0.6515569982582887
-0.801,2614138174.194,2228766127.212,-385372046.982,0.10561106957477287,0.16824945822103946
2.147,2228766127.212,2632786218.417,404020091.205,-0.10993731770217804,0.2738605277958123
2.431,2632786218.417,2711891985.342,79105766.925,-0.01769059462160441,0.16392321009363428
1.867,2711891985.342,2727945413.812,16053428.47,-0.0034648305725667183,0.14623261547202987
-0.704,2727945413.812,2526817429.2279997,-201127984.584,0.0465891976323044,0.14276778489946315
-1.125,2526817429.229,1704701395.98,-822116033.249,0.30474262655693934,0.18935698253151734
0.677,1704701395.98,1716459733.142,11758337.162,-0.006416323343713615,0.4940996090884567
2.005,1716459733.142,2545014951.963,828555218.821,-0.30284455404852706,0.48768328574474307
-0.018,2545014951.963,2526889260.342,-18125691.621,0.00450028800399907,0.18483873169621598
0.971,2526889260.342,2509175742.042,-17713518.3,0.004460769775193135,0.18933901970021505
2.501,2509175742.042,2695777468.962,186601726.92,-0.04404765658897586,0.19379978947540819
-1.716,2695777468.961,1218728196.19,-1477049272.771,0.7178378499211091,0.14975213288665198
-0.373,1218728196.191,1219497323.204,769127.013,-0.0008262902407594197,0.8675899828066864
0.617,1219497323.203,1227001392.6460001,7504069.443,-0.008007431023505984,0.8667636925670005
-0.807,1227001392.647,1226046123.8560002,-955268.791,0.0010139020334835047,0.858756261542434
0.216,1226046123.855,1226948324.924,902201.069,-0.0009576184958536293,0.85977016357698
-1.125,1226948324.924,1215753736.923,-11194588.001,0.011982805179419631,0.8588125450811264
-0.323,1215753736.923,1217448471.493,1694734.57,-0.0018282170528460817,0.870795350260546
-1.916,1217448471.493,1161328908.67,-56119562.823,0.06337686059973657,0.8689671332076999
2.997,1161328908.67,2614490158.078,1453161249.408,-0.7641767654363432,0.9323439938074365
1.38,2614490158.079,2622465878.441,7975720.362,-0.0018573567573424432,0.16816722837085987
0.045,2622465878.441,2610729183.188,-11736695.253,0.002737136317493255,0.16630987161351743
-0.979,2610729183.188,1914379382.1340003,-696349801.054,0.22246407733107998,0.16904700793101068
2.64,1914379382.134,2619686947.41,705307565.276,-0.22455535006950447,0.39151108526209066
-1.176,2619686947.41,1581652827.205,-1038034120.205,0.4000122945594162,0.1669557351925862
-1.113,1581652827.204,1497583274.99,-84069552.214,0.05667073691084734,0.5669680297526405
1.888,1497583274.99,2420919162.483,923335887.493,-0.4066405793128982,0.6236387666634878
-1.852,2420919162.483,1174449843.6509998,-1246469318.832,0.6999855898173276,0.21699818735058965
-1.254,1174449843.651,1166605905.942,-7843937.709,0.009141085266404447,0.9169837771679172
-2.236,1166605905.942,1122677811.115,-43928094.827,0.053553187743494046,0.9261248624343217
-0.342,1122677811.115,1128307457.012,5629645.897,-0.007096116715137546,0.9796780501778157
-0.843,1128307457.012,1129649921.489,1342464.477,-0.0016817201844187002,0.9725819334626782
0.396,1129649921.489,1129828605.0,178683.511,-0.0002235374559312886,0.9709002132782595
-1.095,1129828605.001,1126760563.381,-3068041.62,0.0038480376400807925,0.9706766758210774
-2.108,1126760563.38,1119003191.956,-7757371.424,0.009823672856534515,0.9745247134624159
-0.445,1119003191.957,1121651519.698,2648327.741,-0.0033690288055928663,0.9843483863176752
-1.929,1121651519.698,1117596273.934,-4055245.764,0.005165311937069372,0.9809793575120823
0.7,1117596273.934,1134298053.828,16701779.894,-0.021036471333384932,0.9861446694491517
2.325,1134298053.828,2408312531.5340004,1274014477.706,-0.7446575545875511,0.9651081981157668
0.4,2408312531.534,2376689900.791,-31622630.743,0.008821346869100105,0.22045064352821586
2.676,2376689900.791,2591363374.5769997,214673473.786,-0.05565443983304291,0.22927199039731597
-0.446,2591363374.577,2559228546.1470003,-32134828.43,0.0077367910319917355,0.17361755056427297
-0.962,2559228546.147,1960213545.6639998,-599015000.483,0.19065469730002058,0.18135434159626487
0.034,1960213545.664,1951514619.284,-8698926.38,0.003630886968775171,0.3720090388962853
-2.031,1951514619.284,1143674052.895,-807840566.389,0.577928151069232,0.37563992586506045
-0.802,1143674052.895,1145026149.535,1352096.64,-0.0016485887404634747,0.9535680769342925
0.457,1145026149.535,1145157273.0370002,131123.502,-0.00015966961127922286,0.951919488193829
1.7,1145157273.037,1992296784.4829998,847139511.446,-0.5928680374564166,0.95175981858255
-2.329,1992296784.483,1122211654.729,-870085129.754,0.6213770466148354,0.3588917811261332
-1.531,1122211654.729,1115455189.3760002,-6756465.353,0.00861816728858078,0.9802688277409686
0.65,1115455189.376,1125676109.2129998,10220919.837,-0.012997106387849233,0.9888869950295497
-2.27,1125676109.213,1107566897.04,-18109212.173,0.023192011091265563,0.9758898886417001
2.355,1107566897.041,2413091018.777,1305524121.736,-0.7799441395851474,0.9990818997316642
0.832,2413091018.777,2395829340.285,-17261678.492,0.004767335429404274,0.21913776014651676
-1.704,2395829340.284,1183277916.484,-1212551423.8,0.682935669512179,0.2239050955761992
1.185,1183277916.484,1437184268.5809999,253906352.097,-0.2383947136585619,0.9068407650883782
0.163,1437184268.581,1434149244.7410002,-3035023.84,0.002351135031513407,0.6684460514298161
1.285,1434149244.741,1545857873.827,111708629.086,-0.08045352556489349,0.6707971864613296
1.486,1545857873.827,1770343123.478,224485249.651,-0.1309733898614615,0.5903436608964361
-0.737,1770343123.478,1662676934.8049998,-107666188.673,0.05840315219735909,0.4593702710349746
2.333,1662676934.805,2423399375.005,760722440.2,-0.3014502391648721,0.5177734232323334
-2.478,2423399375.005,1123958582.1260002,-1299440792.879,0.7617342195524373,0.21632318406746132
-0.904,1123958582.126,1126097593.248,2139011.122,-0.0026984164371230968,0.9780574036198989
-0.516,1126097593.248,1126617752.679,520159.431,-0.0006546454073205199,0.9753589871827758
-1.911,1126617752.679,1113712868.1169999,-12904884.562,0.016422019556698086,0.9747043417754553
-1.789,1113712868.117,1111799809.3260002,-1913058.791,0.0024668955003794846,0.991126361332153
1.99,1111799809.326,2213020972.799,1101221163.473,-0.7146356758590408,0.9935932568325329
-1.504,2213020972.8,1194935861.8180003,-1018085110.982,0.6147184246348318,0.278957580973166
0.718,1194935861.818,1213724800.039,18788938.221,-0.0206851981876367,0.8936760056079981
-1.224,1213724800.039,1191490375.737,-22234424.302,0.02454920278916628,0.8729908074203614
-1.077,1191490375.736,1190554143.426,-936232.31,0.0010538194363340914,0.8975400102106523
-0.498,1190554143.426,1192499180.157,1945036.731,-0.0021874736797348193,0.8985938296469864
1.318,1192499180.157,1569569192.496,377070012.339,-0.32166640786840583,0.8964063559672516
-1.081,1569569192.496,1293811698.645,-275757493.851,0.2168193573859324,0.5747399480988458
-0.528,1293811698.645,1296861271.507,3049572.862,-0.0029019951913067388,0.7915593054847782
0.912,1296861271.508,1341454948.745,44593677.237,-0.04092851072550219,0.7886573102925217
1.681,1341454948.745,1896936589.678,555481640.933,-0.34854838368391855,0.7477287995670195
0.375,1896936589.678,1887983128.983,-8953460.695,0.0039917402909163124,0.399180415883101
0.581,1887983128.983,1879391903.956,-8591225.027,0.0038660004717273044,0.4031721561740173
1.714,1879391903.956,1973444346.1560001,94052442.2,-0.04049021764143779,0.4070381566457446
0.282,1973444346.156,1957896416.511,-15547929.645,0.006425105172447654,0.366547939004307
-0.279,1957896416.511,1952965749.375,-4930667.136,0.0020589396420040984,0.37297304417675464
1.022,1952965749.375,1952660671.022,-305078.353,0.00012773568937329838,0.37503198381875874
0.259,1952660671.022,1948336923.956,-4323747.066,0.001814645136217874,0.37515971950813204
2.283,1948336923.956,2350645839.945,402308915.989,-0.14025897612657554,0.3769743646443499
-1.126,2350645839.945,1585917056.538,-764728783.407,0.3275382578366858,0.23671538851777438
1.83,1585917056.538,2199388899.794,613471843.256,-0.28082411873316043,0.5642536463544602
-1.838,2199388899.794,1172363866.5730002,-1027025033.221,0.6359732441628447,0.28342952762129975
0.43,1172363866.573,1174902439.0379999,2538572.465,-0.0029427109419956077,0.9194027717841444
-0.873,1174902439.039,1174115450.773,-786988.266,0.0009109151338888566,0.9164600608409917
-2.205,1174115450.772,1128502589.913,-45612860.859,0.054966263807119,0.9173709759760386
0.872,1128502589.913,1174043081.5100002,45540491.597,-0.05488243726031161,0.9723372397831576
1.352,1174043081.511,1470653117.0489998,296610035.538,-0.27429243409476767,0.917454802521688
-1.87,1470653117.049,1136909482.109,-333743634.94,0.318712520053387,0.6431623684269201
1.696,1136909482.109,1848730407.501,711820925.392,-0.5407462877808458,0.9618748884803071
0.813,1848730407.502,1830713886.88,-18016520.622,0.008499612601790718,0.4211286006989939
1.255,1830713886.88,1839941637.051,9227750.171,-0.004374149010824224,0.4296282133007846
-0.073,1839941637.051,1831213398.6220002,-8728238.429,0.004136241289484199,0.4252540642899604
2.064,1831213398.622,2199691273.33,368477874.708,-0.1460605714655529,0.42939030557944474
1.172,2199691273.33,2190810862.917,-8880410.413,0.002942311768417083,0.28332973411389184
-2.633,2190810862.917,1127541902.2759998,-1063268960.641,0.6872706994680994,0.2862720458823089
0.548,1127541902.276,1132147031.935,4605129.659,-0.005760081239775228,0.973542745350408
0.821,1132147031.935,1164727395.553,32580363.618,-0.039450369295780385,0.9677826641106327
-0.148,1164727395.553,1163981748.766,-745646.787,0.0008781828641450939,0.9283322948148524
1.016,1163981748.766,1243754022.767,79772274.001,-0.08798194775392432,0.9292104776789974
-1.521,1243754022.767,1130387355.487,-113366667.28,0.12874959134560726,0.8412285299250731
1.566,1130387355.487,1745833677.0440001,615446321.557,-0.4979460500326909,0.9699781212706804
0.288,1745833677.044,1734919859.714,-10913817.33,0.0057532952814226546,0.4720320712379897
2.675,1734919859.714,2450264230.369,715344370.655,-0.2686860348566459,0.47778536651941234
-1.352,2450264230.369,1289727641.7649999,-1160536588.604,0.586367887566766,0.20909933166276642
0.895,1289727641.765,1354412506.6450002,64684864.88,-0.0591256571902532,0.7954672192295321
-0.904,1354412506.645,1319474453.325,-34938053.32,0.031215409075657674,0.7363415620392791
-1.626,1319474453.325,1186436656.147,-133037797.178,0.13569122771119335,0.7675569711149368
-1.776,1186436656.147,1156594177.127,-29842479.02,0.03472414879091135,0.9032481988261302
-2.783,1156594177.127,1114872878.0140002,-41721299.113,0.0516623003680734,0.9379723476170415
-0.059,1114872878.014,1117121847.273,2248969.259,-0.0028832340121636157,0.9896346479851152
-2.045,1117121847.273,1109723956.166,-7397891.107,0.009528284074860394,0.9867514139729516
1.598,1109723956.166,1763151456.914,653427500.748,-0.5332306391607898,0.996279698047812
0.79,1763151456.914,1754171309.739,-8980147.175,0.004636007173829282,0.4630490588870222
2.092,1754171309.739,2257579682.686,503408372.947,-0.2029680185757355,0.4676850660608515
2.315,2257579682.686,2461308234.553,203728551.867,-0.05854166558552662,0.264717047485116
-0.862,2461308234.553,2026470774.492,-434837460.061,0.13920116494932608,0.20617538189958937
0.401,2026470774.492,2017353272.8530002,-9117501.639,0.003561031513699242,0.34537654684891544
-2.121,2017353272.853,1145928230.5149999,-871425042.338,0.601884181251477,0.3489375783626147
0.398,1145928230.515,1146230334.986,302104.471,-0.00036724010690092346,0.9508217596140914
2.654,1146230334.986,2443886830.933,1297656495.947,-0.7396547064805771,0.9504545195071905
0.13,2443886830.933,2391872417.526,-52014413.407,0.01420780121762616,0.21079981302661346
2.836,2391872417.525,2591739478.347,199867060.822,-0.05147947866262223,0.22500761424451865
1.127,2591739478.348,2569447343.995,-22292134.353,0.005344940249571578,0.17352813558165878
2.227,2569447343.994,2619580578.953,50133234.959,-0.01189259184891453,0.17887307583147213
0.886,2619580578.954,2603856441.583,-15724137.371,0.00368078372238817,0.16698048398232498
1.088,2603856441.583,2591504400.6990004,-12352040.884,0.0029227522409655815,0.17066126770471315
-0.328,2591504400.698,2582569592.18,-8934808.518,0.002131589315284177,0.17358401994591655
0.907,2582569592.18,2581597854.1759996,-971738.004,0.00023271845893682586,0.17571560926120072
-2.098,2581597854.176,1151022827.66,-1430575026.516,0.7687061931447509,0.17594832772013738
-1.171,1151022827.66,1145324499.0630002,-5698328.597,0.006901718963687076,0.9446545208648882
-1.169,1145324499.064,1146535885.1399999,1211386.076,-0.0014729521669628598,0.9515562398273586
-1.276,1146535885.14,1145826470.3100002,-709414.83,0.0008622159030582388,0.9500832876603954
1.396,1145826470.31,1626454609.514,480628139.204,-0.411785134199775,0.950945503563454
2.833,1626454609.515,2522906413.418,896451803.903,-0.3488238137642157,0.5391603693630752
-1.929,2522906413.417,1158449878.218,-1364456535.199,0.7454243678971321,0.19033655559911059
-2.299,1158449878.218,1126544774.5219998,-31905103.696,0.039035228305685954,0.9357609234962426
-2.877,1126544774.522,1115585849.9090002,-10958924.613,0.013923190134982666,0.9747961518019282
1.484,1115585849.909,1707734114.337,592148264.428,-0.49628309102765633,0.9887193419369112
0.933,1707734114.337,1694650285.612,-13083828.725,0.007218663142250281,0.4924362509092549
-1.096,1694650285.612,1293891216.096,-400759069.516,0.29182854836738925,0.4996549140515052
1.493,1293891216.096,1715045969.6629999,421154753.567,-0.3030333633640336,0.7914834624188944
-2.001,1715045969.663,1131287625.9190001,-583758343.744,0.4804039481503039,0.48845009905486086
-2.335,1131287625.919,1116370456.372,-14917169.547,0.018859376178625986,0.9688540472051651
-1.897,1116370456.372,1112842198.976,-3528257.396,0.004534616970488292,0.9877134233837911
-1.877,1112842198.976,1111759637.566,-1082561.41,0.0013971091020690274,0.9922480403542794
-2.659,1111759637.566,1106861990.912,-4897646.654,0.006354850543651591,0.9936451494563484
0.76,1106861990.913,1134034355.571,27172364.658,-0.03456447917945671,0.9999999999986967
2.966,1134034355.571,2480354045.737,1346319690.166,-0.7642414316288602,0.96543552081924
0.614,2480354045.736,2450945850.64,-29408195.096,0.007724017463087235,0.2011940891906393
-1.715,2450945850.641,1173584949.9469998,-1277360900.694,0.7090675973266105,0.20891810665346075
-1.656,1173584949.947,1160705139.98,-12879809.967,0.015097160954513744,0.917985703980071
-0.633,1160705139.98,1160688636.568,-16503.412,1.9559528002588422e-05,0.9330828649345847
1.871,1160688636.568,2145762735.5040002,985074098.936,-0.6315296388707028,0.9331024244625873
2.858,2145762735.504,2524995881.1,379233145.596,-0.11175994631891456,0.3015727855918846
-1.03,2524995881.1,1746935438.507,-778060442.593,0.28164242549279433,0.18981283927297005
-2.89,1746935438.507,1115085150.69,-631850287.817,0.5179067473576614,0.4714552647657644
2.718,1115085150.69,2477243422.609,1362158271.919,-0.7873595955239736,0.9893620121234258
-1.933,2477243422.609,1141637221.9400003,-1335606200.669,0.7540565062764875,0.20200241659945223
0.5,1141637221.94,1144217126.642,2579904.702,-0.0031534748299185678,0.9560589228759397
1.804,1144217126.642,2069162801.212,924945674.57,-0.6237856627061322,0.9529054480460212
-0.839,2069162801.212,1781150088.612,-288012712.6,0.12477820893011116,0.32911978533988895
2.396,1781150088.612,2442185829.583,661035740.971,-0.24264312285007203,0.4538979942700001
0.113,2442185829.583,2417064475.195,-25121354.388,0.006795139497298125,0.21125487141992808
1.342,2417064475.195,2439008031.044,21943555.849,-0.0059433021192975555,0.2180500109172262
-0.598,2439008031.044,2375371671.4370003,-63636359.607,0.017538110142337027,0.21210670879792864
-3.0,2375371671.436,1126075402.0089998,-1249296269.427,0.7457421104242636,0.22964481894054872
2.179,1126075402.009,2382190269.11,1256114867.101,-0.7476661292445573,0.9753869293648121
2.316,2382190269.11,2530143497.0880003,147953227.978,-0.03919449874307798,0.22772080012025472
1.794,2530143497.088,2531208215.289,1064718.201,-0.0002654507293642083,0.1885263013771769
0.173,2531208215.289,2514507134.599,-16701080.69,0.004189730609495623,0.1882608506478127
-0.062,2514507134.6,2501594766.664,-12912367.936,0.0032776179529449834,0.19245058125705583
-1.544,2501594766.664,1239372381.826,-1262222384.838,0.6500389394258462,0.19572819921000081
-1.832,1239372381.826,1162574404.762,-76797977.064,0.08510390300387638,0.8457671386358471
2.055,1162574404.762,2322795391.342,1160220986.58,-0.6860113054062119,0.9308710416397235
-0.83,2322795391.342,1992568714.978,-330226676.364,0.1139226712085257,0.24485973623351157
0.267,1992568714.977,1982406145.459,-10162569.518,0.004107899933276926,0.35878240744243944
-2.231,1982406145.459,1135537790.698,-846868354.761,0.600681070727476,0.36289030737571637
1.648,1135537790.698,1917701826.132,782164035.434,-0.5735053028266517,0.9635713781031924
0.57,1917701826.132,1898945705.345,-18756120.787,0.008223783347410252,0.39006607527654064
-1.137,1898945705.344,1338267077.96,-560678627.384,0.35227427407226175,0.3982898586243937
-2.649,1338267077.961,1117153047.175,-221114030.786,0.23614736387414192,0.7505641326957639
2.663,1117153047.175,2421030523.748,1303877476.573,-0.769743646445645,0.9867114965699059
-2.102,2421030523.748,1132328109.055,-1288702414.693,0.7505892806592868,0.21696785012426092
2.819,1132328109.055,2487017767.255,1354689658.2,-0.7680878725727885,0.9675571307835477
-1.192,2487017767.255,1430819859.7800002,-1056197907.475,0.47391856769903073,0.19946925821075914
-0.474,1430819859.78,1429459735.693,-1360124.087,0.001061802917590171,0.6733878259097901
2.583,1429459735.693,2479726684.525,1050266948.832,-0.47309267663303917,0.6744496288273802
0.428,2479726684.525,2459281975.738,-20444708.787,0.005352923730244041,0.20135695219434108
0.099,2459281975.738,2445268771.717,-14013204.021,0.0037207011252520517,0.20670987592458512
-1.316,2445268771.717,1348154040.081,-1097114731.636,0.5313836609279748,0.21043057704983717
-0.178,1348154040.081,1345727483.456,-2426556.625,0.0021355810559787747,0.741814237977812
1.525,1345727483.456,2001764555.456,656037072.0,-0.3888485944880424,0.7439498190337908
-1.786,2001764555.456,1167961644.14,-833802911.316,0.569434925251832,0.3551012245457484
2.527,1167961644.14,2461282488.16,1293320844.02,-0.7183539819395324,0.9245361497975804
2.476,2461282488.16,2584067800.771,122785312.611,-0.030825016874983346,0.20618216785804805
-0.615,2584067800.771,2473199788.789,-110868011.982,0.027699085053124545,0.1753571509830647
1.992,2473199788.789,2545520266.16,72320477.371,-0.01834204663711214,0.20305623603618925
-2.14,2545520266.16,1139237622.1839998,-1406282643.976,0.7742906378106892,0.1847141893990771
-1.052,1139237622.183,1132736947.3300002,-6500674.853,0.008043356686749714,0.9590048272109963
0.649,1132736947.331,1141461298.755,8724351.424,-0.010773707045238834,0.9670481838965016
-0.314,1141461298.755,1141572384.6790001,111085.924,-0.00013611834342552864,0.9562744768512628
2.849,1141572384.679,2483019252.09,1341446867.411,-0.7556352395617537,0.9561383585078372
0.046,2483019252.09,2468325216.657,-14694035.433,0.0038280789391795245,0.2005031189460835
0.138,2468325216.657,2457194142.295,-11131074.362,0.0029303365475180088,0.20433119788526302
-0.878,2457194142.295,2029128134.369,-428066007.926,0.13708314755094034,0.20726153443278103
2.082,2029128134.369,2491687108.883,462558974.514,-0.14607853429664996,0.34434468198372137
-2.311,2491687108.883,1136722091.3409998,-1354965017.542,0.7638402617301076,0.1982661476870714
0.356,1136722091.341,1140169600.2280002,3447508.887,-0.0042472116699430185,0.9621064094171786
-2.479,1140169600.228,1118727782.7649999,-21441817.463,0.026840461717109965,0.9578591977472359
-0.158,1118727782.765,1119526216.505,798433.74,-0.0010178937745388694,0.9846996594643459
2.277,1119526216.505,2387777444.815,1268251228.31,-0.757529320329769,0.983681765689807
1.939,2387777444.815,2466150542.46,78373097.645,-0.02125082778708981,0.22615244536003803
-0.055,2466150542.461,2446873782.298,-19276760.163,0.005100645743908894,0.2049016175726857
1.219,2446873782.298,2456255622.523,9381840.225,-0.002492442637779896,0.2100022633165946
-0.227,2456255622.523,2444681442.7289996,-11574179.794,0.003077631764380917,0.2075098206788147
0.463,2444681442.729,2441263207.234,-3418235.495,0.0009145077007177149,0.2105874524431955
-0.449,2441263207.234,2434234588.4040003,-7028618.83,0.0018884923317869229,0.2115019601439132
2.067,2434234588.404,2502281768.187,68047179.783,-0.017837490664316002,0.2133904524757002
-0.554,2502281768.187,2439254929.581,-63026838.606,0.016487484097999938,0.1955529618113842
0.688,2439254929.582,2433776929.7419996,-5477999.84,0.0014733513413942578,0.21204044590911578
-0.799,2433776929.742,2173382690.855,-260394238.887,0.0786025555917147,0.21351379725050995
-0.448,2173382690.854,2171539692.217,-1842998.637,0.0006235098333097211,0.29211635284256265
1.708,2171539692.217,2386099538.529,214559846.312,-0.06611719030987265,0.2927398626758724
1.722,2386099538.528,2405524527.63,19424989.102,-0.005403618831963136,0.22662267236628014
-2.83,2405524527.63,1131471308.716,-1274053218.914,0.7474058677780275,0.221219053534317
-1.9,1131471308.716,1116111912.5410001,-15359396.175,0.01941981651589053,0.9686249213123446
-2.544,1116111912.541,1110509585.0849998,-5602327.456,0.0072170664466088,0.9880447378282354
0.463,1110509585.086,1114829687.4689999,4320102.383,-0.005571671098428044,0.9952618042735493
1.955,1114829687.469,2214570879.833,1099741192.364,-0.7112375073488811,0.9896901331751209
